Title,Year,Trailer URL
Get Out,2017,https://www.youtube.com/watch?v=DzfpyUB60YY
Avengers: Infinity War,2018,https://www.youtube.com/watch?v=6ZfuNTqbHE8
La La Land,2016,https://www.youtube.com/watch?v=0pdqf4P9MB8
Black Panther,2018,https://www.youtube.com/watch?v=xjDjIWPwcPU
Mad Max: Fury Road,2015,https://www.youtube.com/watch?v=hEJnMQG9ev8
Avengers: Endgame,2019,https://www.youtube.com/watch?v=TcMBFSGVi1c
Arrival,2016,https://www.youtube.com/watch?v=tFMo3UJ4B4g
Guardians of the Galaxy,2014,https://www.youtube.com/watch?v=d96cjJhvlMA
Interstellar,2014,https://www.youtube.com/watch?v=2LqzF5WauAw
Star Wars: The Force Awakens,2015,https://www.youtube.com/watch?v=sGbxmsDFVnE
Thor: Ragnarok,2017,https://www.youtube.com/watch?v=ue80QwXMRHg
Gone Girl,2014,https://www.youtube.com/watch?v=2-_-1nJf8Vg
Dunkirk,2017,https://www.youtube.com/watch?v=F-eMt3SrfFU
Blade Runner 2049,2017,https://www.youtube.com/watch?v=gCcx85zbxz4
Call Me by Your Name,2017,https://www.youtube.com/watch?v=Z9AYPxH5NTM
Spider-Man: Homecoming,2017,https://www.youtube.com/watch?v=rk-dF1lIbIg
Deadpool,2016,https://www.youtube.com/watch?v=Xithigfg7dA
The Wolf of Wall Street,2013,https://www.youtube.com/watch?v=iszwuX1AK6A
Star Wars: The Last Jedi,2017,https://www.youtube.com/watch?v=Q0CbN8sfihY
Django Unchained,2012,https://www.youtube.com/watch?v=0fUCuvNlOCg
Guardians of the Galaxy Vol. 2,2017,https://www.youtube.com/watch?v=dW1BIid8Osg
The Avengers,2012,https://www.youtube.com/watch?v=eOrNdBpGMv8
Captain America: Civil War,2016,https://www.youtube.com/watch?v=dKrVegVI0Us
Inside Out,2015,https://www.youtube.com/watch?v=yRUAzGQ3nSY
It,2017,https://www.youtube.com/watch?v=xKJmEC5ieOk
Ex Machina,2015,https://www.youtube.com/watch?v=EoQuVnKhxaM
The Silence of the Lambs,1991,https://www.youtube.com/watch?v=6iB21hsprAQ
Blade Runner,1982,https://www.youtube.com/watch?v=eogpIG53Cis
Wonder Woman,2017,https://www.youtube.com/watch?v=VSB4wGIdDwo
The Social Network,2010,https://www.youtube.com/watch?v=lB95KLmpLR4
Captain Marvel,2019,https://www.youtube.com/watch?v=Z1BCujX3pw8
Captain America: The Winter Soldier,2014,https://www.youtube.com/watch?v=7SlILk2WMTI
Rogue One: A Star Wars Story,2016,https://www.youtube.com/watch?v=frdj1zb9sMY
Annihilation,2018,https://www.youtube.com/watch?v=89OP78l9oF0
Se7en,1995,https://www.youtube.com/watch?v=znmZoVkCjpI
The Martian,2015,https://www.youtube.com/watch?v=ej3ioOneTy8
Doctor Strange,2016,https://www.youtube.com/watch?v=h7gvFravm4A
The Lord of the Rings: The Fellowship of the Ring,2001,https://www.youtube.com/watch?v=V75dMMIW2B4
Bohemian Rhapsody,2018,https://www.youtube.com/watch?v=mP0VHJYFOAU
Incredibles 2,2018,https://www.youtube.com/watch?v=i5qOzqD9Rms
Forrest Gump,1994,https://www.youtube.com/watch?v=XHhAG-YLdk8
Avengers: Age of Ultron,2015,https://www.youtube.com/watch?v=tmeOjFno6Do
Back to the Future,1985,https://www.youtube.com/watch?v=qvsgGtivCgs
A Star Is Born,2018,https://www.youtube.com/watch?v=nSbzyEJ8X9E
Iron Man,2008,https://www.youtube.com/watch?v=8ugaeA-nMTc
Spider-Man: Far From Home,2019,https://www.youtube.com/watch?v=Nt9L1jCKGnE
The Incredibles,2004,https://www.youtube.com/watch?v=-UaGUdNJdRQ
Ant-Man,2015,https://www.youtube.com/watch?v=pWdKf3MneyI
Toy Story,1995,https://www.youtube.com/watch?v=v-PjgYDrg70
WALL·E,2008,https://www.youtube.com/watch?v=CZ1CATNbXg0
The Lord of the Rings: The Return of the King,2003,https://www.youtube.com/watch?v=r5X-hFf6Bwo
Up,2009,https://www.youtube.com/watch?v=HWEW_qTLSEE
Split,2016,https://www.youtube.com/watch?v=KIpGKumxiGg
Zootopia,2016,https://www.youtube.com/watch?v=jWM0ct-OLsM
Kingsman: The Secret Service,2014,https://www.youtube.com/watch?v=m4NCribDx4U
"I, Tonya",2017,https://www.youtube.com/watch?v=OXZQ5DfSAAc
Ant-Man and the Wasp,2018,https://www.youtube.com/watch?v=8_rTIAOohas
The Lion King,1994,https://www.youtube.com/watch?v=eHcZlPpNt0Q
The Lord of the Rings: The Two Towers,2002,https://www.youtube.com/watch?v=LbfMDwc4azU
Captain America: The First Avenger,2011,https://www.youtube.com/watch?v=JerVrbLldXw
Finding Nemo,2003,https://www.youtube.com/watch?v=9oQ628Seb9w
Ready Player One,2018,https://www.youtube.com/watch?v=cSp1dM2Vj48
Suicide Squad,2016,https://www.youtube.com/watch?v=CmRih_VtVAs
Iron Man 3,2013,https://www.youtube.com/watch?v=Ke1Y3P9D0Bc
Toy Story 3,2010,https://www.youtube.com/watch?v=2BlMNH1QTeE
The Breakfast Club,1985,https://www.youtube.com/watch?v=BSXBvor47Zs
Harry Potter and the Prisoner of Azkaban,2004,https://www.youtube.com/watch?v=VwErvYgoH70
Ratatouille,2007,https://www.youtube.com/watch?v=NgsQ8mVkN8w
Shaun of the Dead,2004,https://www.youtube.com/watch?v=LIfcaZ4pC-4
Moana,2016,https://www.youtube.com/watch?v=LKFuXETZUsI
Inception,2010,https://www.youtube.com/watch?v=YoHD9XEInc0
Harry Potter and the Philosopher's Stone,2001,https://www.youtube.com/watch?v=VyHV0BRtdxo
Jurassic World,2015,https://www.youtube.com/watch?v=RFinNxS5KN4
Fantastic Beasts and Where to Find Them,2016,https://www.youtube.com/watch?v=ViuDsy7yb8M
Thor,2011,https://www.youtube.com/watch?v=JOddp-nlNvQ
"Monsters, Inc.",2001,https://www.youtube.com/watch?v=CGbgaHoapFM
Batman v Superman: Dawn of Justice,2016,https://www.youtube.com/watch?v=NhWg7AQLI_8
It Follows,2014,https://www.youtube.com/watch?v=HkZYbOH0ujw
Avatar,2009,https://www.youtube.com/watch?v=5PSNL1qE6VY
Good Will Hunting,1997,https://www.youtube.com/watch?v=ReIJ1lbL-Q8
Toy Story 4,2019,https://www.youtube.com/watch?v=wmiIUN-7qhE
Prisoners,2013,https://www.youtube.com/watch?v=bpXfcTF6iVk
Iron Man 2,2010,https://www.youtube.com/watch?v=BoohRoVA9WQ
Harry Potter and the Deathly Hallows: Part 2,2011,https://www.youtube.com/watch?v=mObK5XD8udk
X-Men: Days of Future Past,2014,https://www.youtube.com/watch?v=pK2zYHWDZKo
Big Hero 6,2014,https://www.youtube.com/watch?v=z3biFxZIJOQ
The Lego Movie,2014,https://www.youtube.com/watch?v=fZ_JOBCLF-I
The Perks of Being a Wallflower,2012,https://www.youtube.com/watch?v=n5rh7O4IDc0
Thor: The Dark World,2013,https://www.youtube.com/watch?v=npvJ9FTgZbM
Toy Story 2,1999,https://www.youtube.com/watch?v=xNWSGRD5CzU
Skyfall,2012,https://www.youtube.com/watch?v=6kw1UVovByw
Venom,2018,https://www.youtube.com/watch?v=u9Mv98Gr5pY
The Hunger Games,2012,https://www.youtube.com/watch?v=mfmrPu43DF8
Spider-Man 2,2004,https://www.youtube.com/watch?v=1s9Yln0YwCw
Harry Potter and the Chamber of Secrets,2002,https://www.youtube.com/watch?v=jBltxS8HfQ4
Spider-Man,2002,https://www.youtube.com/watch?v=t06RUxPbp_c
Frozen,2013,https://www.youtube.com/watch?v=TbQm5doF_Uc
Bird Box,2018,https://www.youtube.com/watch?v=o2AsIXSh2xo
Harry Potter and the Goblet of Fire,2005,https://www.youtube.com/watch?v=3EGojp4Hh6I
Ferris Bueller's Day Off,1986,https://www.youtube.com/watch?v=0ZDbKhkLxTs
Harry Potter and the Deathly Hallows: Part 1,2010,https://www.youtube.com/watch?v=Su1LOpjvdZ4
Zombieland,2009,https://www.youtube.com/watch?v=8m9EVP8X7N8
Harry Potter and the Order of the Phoenix,2007,https://www.youtube.com/watch?v=y6ZW7KXaXYk
It Chapter Two,2019,https://www.youtube.com/watch?v=xhJ5P7Up3jA
Justice League,2017,https://www.youtube.com/watch?v=3cxixDgHUYw
Harry Potter and the Half-Blood Prince,2009,https://www.youtube.com/watch?v=sg81Lts5kYY
The Great Gatsby,2013,https://www.youtube.com/watch?v=4w8lohkQtbY
Man of Steel,2013,https://www.youtube.com/watch?v=T6DJcgm3wNY
Shrek,2001,https://www.youtube.com/watch?v=CwXOrWvPBPk
The Hobbit: An Unexpected Journey,2012,https://www.youtube.com/watch?v=SDnYMbYB-nU
Home Alone,1990,https://www.youtube.com/watch?v=jEDaVHmw7r4
Juno,2007,https://www.youtube.com/watch?v=K0SKf0K3bxg
Pirates of the Caribbean: The Curse of the Black Pearl,2003,https://www.youtube.com/watch?v=naQr0uTrH_s
Ghostbusters,1984,https://www.youtube.com/watch?v=6hDkhw5Wkas
The Hunger Games: Catching Fire,2013,https://www.youtube.com/watch?v=EAzGXqJSDJ8
Wreck-It Ralph,2012,https://www.youtube.com/watch?v=87E6N7ToCxs
Life of Pi,2012,https://www.youtube.com/watch?v=3mMN693-F3U
Pacific Rim,2013,https://www.youtube.com/watch?v=5guMumPFBag
Crazy Rich Asians,2018,https://www.youtube.com/watch?v=ZQ-YX-5bAs0
Looper,2012,https://www.youtube.com/watch?v=2iQuhsmtfHw
Mean Girls,2004,https://www.youtube.com/watch?v=oDU84nmSDZY
X-Men: First Class,2011,https://www.youtube.com/watch?v=kyQKi5-k0UU
The Conjuring,2013,https://www.youtube.com/watch?v=ejMMn0t58Lc
21 Jump Street,2012,https://www.youtube.com/watch?v=Oj55KinxZx4
Beauty and the Beast,2017,https://www.youtube.com/watch?v=SqQvZ_VUtg8
X-Men: Apocalypse,2016,https://www.youtube.com/watch?v=PfBVIHgQbYk
The Amazing Spider-Man,2012,https://www.youtube.com/watch?v=-tnxzJ0SSOw
How to Train Your Dragon,2010,https://www.youtube.com/watch?v=2AKsAxrhqgM
The Greatest Showman,2017,https://www.youtube.com/watch?v=EodWwczRIe4
The Edge of Seventeen,2016,https://www.youtube.com/watch?v=vswj96INhmo
The Princess Bride,1987,https://www.youtube.com/watch?v=O3CIXEAjcc8
Scream,1996,https://www.youtube.com/watch?v=i3J6ACKQ7K0
The Hobbit: The Desolation of Smaug,2013,https://www.youtube.com/watch?v=fnaojlfdUbs
The Theory of Everything,2014,https://www.youtube.com/watch?v=Salz7uGp72c
The World's End,2013,https://www.youtube.com/watch?v=n__1Y-N5tQk
Black Mirror: Bandersnatch,2018,https://www.youtube.com/watch?v=7wnRi3Sclm8
Aladdin,1992,https://www.youtube.com/watch?v=eTjHiQKJUDY
Back to the Future Part II,1989,https://www.youtube.com/watch?v=MdENmefJRpw
Casino Royale,2006,https://www.youtube.com/watch?v=36mnx8dBbGE
The Hangover,2009,https://www.youtube.com/watch?v=tcdUhdOlz9M
Kick-Ass,2010,https://www.youtube.com/watch?v=2rpXHqnGDXo
Coraline,2009,https://www.youtube.com/watch?v=m9bOpeuvNwY
Brave,2012,https://www.youtube.com/watch?v=6CKcqIahedc
Mulan,1998,https://www.youtube.com/watch?v=HKH7_n425Ss
Tangled,2010,https://www.youtube.com/watch?v=2f516ZLyC6U
Fantastic Beasts: The Crimes of Grindelwald,2018,https://www.youtube.com/watch?v=vvFybpmyB9E
Spider-Man 3,2007,https://www.youtube.com/watch?v=e5wUilOeOmg
The Hobbit: The Battle of the Five Armies,2014,https://www.youtube.com/watch?v=iVAgTiBrrDA
Now You See Me,2013,https://www.youtube.com/watch?v=C2NWGAqZhF4
The Amazing Spider-Man 2,2014,https://www.youtube.com/watch?v=nbp3Ra3Yp74
Beauty and the Beast,1991,https://www.youtube.com/watch?v=iurbZwxKFUE
Lion,2016,https://www.youtube.com/watch?v=-RNI9o06vqo
This Is the End,2013,https://www.youtube.com/watch?v=kliQSsD_npo
World War Z,2013,https://www.youtube.com/watch?v=Md6Dvxdr0AQ
To All the Boys I've Loved Before,2018,https://www.youtube.com/watch?v=555oiY9RWM4
22 Jump Street,2014,https://www.youtube.com/watch?v=qP755JkDxyM
The Hunger Games: Mockingjay – Part 1,2014,https://www.youtube.com/watch?v=3PkkHsuMrho
The Jungle Book,2016,https://www.youtube.com/watch?v=jqmUoteadZI
Monsters University,2013,https://www.youtube.com/watch?v=QxrQ6BaijAY
Godzilla,2014,https://www.youtube.com/watch?v=vIu85WQTPRc
Shrek 2,2004,https://www.youtube.com/watch?v=xBgSfhp5Fxo
Charlie and the Chocolate Factory,2005,https://www.youtube.com/watch?v=OFVGCUIXJls
Men in Black,1997,https://www.youtube.com/watch?v=UxUTTrU6PA4
Clueless,1995,https://www.youtube.com/watch?v=Mgjwq1ZzdPQ
The Pianist,2002,https://www.youtube.com/watch?v=BFwGqLa_oAo
Easy A,2010,https://www.youtube.com/watch?v=KNbPnqyvItk
Les Misérables,2012,https://www.youtube.com/watch?v=YmvHzCLP6ug
X-Men,2000,https://www.youtube.com/watch?v=VNxwlx6etXI
The Lion King,2019,https://www.youtube.com/watch?v=7TavVZMewpY
It's a Wonderful Life,1946,https://www.youtube.com/watch?v=iLR3gZrU2Xo
The Devil Wears Prada,2006,https://www.youtube.com/watch?v=6ZOZwUQKu3E
Hugo,2011,https://www.youtube.com/watch?v=Hv3obL9HqyY
About Time,2013,https://www.youtube.com/watch?v=7OIFdWk83no
Lucy,2014,https://www.youtube.com/watch?v=bN7ksFEVO9U
Me and Earl and the Dying Girl,2015,https://www.youtube.com/watch?v=2qfmAllbYC8
A Simple Favor,2018,https://www.youtube.com/watch?v=rAqMlh0b2HU
The Wizard of Oz,1939,https://www.youtube.com/watch?v=njdreZRjvpc
Mamma Mia!,2008,https://www.youtube.com/watch?v=8RBNHdG35WY
Pirates of the Caribbean: Dead Man's Chest,2006,https://www.youtube.com/watch?v=SNA-Ezahmok
The Hunger Games: Mockingjay – Part 2,2015,https://www.youtube.com/watch?v=3zVaD7t39w8
"Crazy, Stupid, Love.",2011,https://www.youtube.com/watch?v=8iCwtxJejik
A Beautiful Mind,2001,https://www.youtube.com/watch?v=9wZM7CQY130
Aladdin,2019,https://www.youtube.com/watch?v=JcMtWwiyzpU
Passengers,2016,https://www.youtube.com/watch?v=7BWWWQzTpNU
Cars,2006,https://www.youtube.com/watch?v=pQly7_Cj34U
Ted,2012,https://www.youtube.com/watch?v=9fbo_pQvU7M
Ghostbusters,2016,https://www.youtube.com/watch?v=w3ugHP-yZXw
Mamma Mia! Here We Go Again,2018,https://www.youtube.com/watch?v=XcSMdhfKga4
Despicable Me,2010,https://www.youtube.com/watch?v=zzCZ1W_CUoI
Paddington,2014,https://www.youtube.com/watch?v=W5tUEw4Nq4E
Alice in Wonderland,2010,https://www.youtube.com/watch?v=9POCgSRVvf0
Back to the Future Part III,1990,https://www.youtube.com/watch?v=3C8c3EoEfw4
Love Actually,2003,https://www.youtube.com/watch?v=H9Z3_ifFheQ
A Bug's Life,1998,https://www.youtube.com/watch?v=mE35XQFxbeo
Pitch Perfect,2012,https://www.youtube.com/watch?v=8dItOM6eYXY
Sausage Party,2016,https://www.youtube.com/watch?v=WVAcTZKTgmc
Kung Fu Panda,2008,https://www.youtube.com/watch?v=NRc-ze7Wrxw
Maleficent,2014,https://www.youtube.com/watch?v=JIIgXEGAZgE
Happy Death Day,2017,https://www.youtube.com/watch?v=1NTaDm3atkc
How to Train Your Dragon 2,2014,https://www.youtube.com/watch?v=2BP38770KNo
Captain Phillips,2013,https://www.youtube.com/watch?v=GEyM01dAxp8
Grease,1978,https://www.youtube.com/watch?v=THd96gHV7Tg
Elf,2003,https://www.youtube.com/watch?v=a54yC1etmVc
Bridesmaids,2011,https://www.youtube.com/watch?v=FNppLrmdyug
The Little Mermaid,1989,https://www.youtube.com/watch?v=nPE0f-MB_bQ
The Emperor's New Groove,2000,https://www.youtube.com/watch?v=JX6btxoFhI8
The Help,2011,https://www.youtube.com/watch?v=XOTkNsxhECY
The Fault in Our Stars,2014,https://www.youtube.com/watch?v=9ItBvH5J6ss
The Virgin Suicides,1999,https://www.youtube.com/watch?v=YRPXQ3XcpKc
Hercules,1997,https://www.youtube.com/watch?v=ZvtspevZxpg
Lilo & Stitch,2002,https://www.youtube.com/watch?v=9OAC55UWAQs
The Intouchables,2011,https://www.youtube.com/watch?v=oK5hMNxqsFA
The Conjuring 2,2016,https://www.youtube.com/watch?v=VFsmuRPClr4
Tomb Raider,2018,https://www.youtube.com/watch?v=8ndhidEmUbI
Independence Day,1996,https://www.youtube.com/watch?v=B1E7h3SeMDk
Dark Phoenix,2019,https://www.youtube.com/watch?v=1-q8C_c-nlM
Ice Age,2002,https://www.youtube.com/watch?v=i4noiCRJRoE
Transformers,2007,https://www.youtube.com/watch?v=CbX_SIz_9fk
Twilight,2008,https://www.youtube.com/watch?v=QDRLSqm_WVg
The Maze Runner,2014,https://www.youtube.com/watch?v=AwwbhhjQ9Xk
Pride & Prejudice,2005,https://www.youtube.com/watch?v=Ur_DIHs92NM
The Interview,2014,https://www.youtube.com/watch?v=frsvWVEHowg
"The Chronicles of Narnia: The Lion, the Witch and the Wardrobe",2005,https://www.youtube.com/watch?v=usEkWtuNn-w
The Notebook,2004,https://www.youtube.com/watch?v=BjJcYdEOI0k
The Simpsons Movie,2007,https://www.youtube.com/watch?v=XPG0MqIcby8
Home Alone 2: Lost in New York,1992,https://www.youtube.com/watch?v=5h9VDUNtoto
X-Men Origins: Wolverine,2009,https://www.youtube.com/watch?v=8IxT7WFL6Ec
Atonement,2007,https://www.youtube.com/watch?v=zRlkHu-R7yI
Willy Wonka & the Chocolate Factory,1971,https://www.youtube.com/watch?v=2cBja3AbahY
Neighbors,2014,https://www.youtube.com/watch?v=KrAf5ALLxGI
The Sound of Music,1965,https://www.youtube.com/watch?v=aMMgcAqOYbI
Night at the Museum,2006,https://www.youtube.com/watch?v=Ltba1_-tRT4
Romeo + Juliet,1996,https://www.youtube.com/watch?v=8VOAxzgq42A
How to Train Your Dragon: The Hidden World,2019,https://www.youtube.com/watch?v=SkcucKDrbOI
Hush,2016,https://www.youtube.com/watch?v=Q_P8WCbhC6s
Snow White and the Seven Dwarfs,1937,https://www.youtube.com/watch?v=5fzZFQBXSLM
Valerian and the City of a Thousand Planets,2017,https://www.youtube.com/watch?v=NNrK7xVG3PM
Total Recall,1990,https://www.youtube.com/watch?v=684nkWhd658
Taken,2008,https://www.youtube.com/watch?v=XK9zL0ze9O4
The Girl on the Train,2016,https://www.youtube.com/watch?v=y5yk-HGqKmM
Madagascar,2005,https://www.youtube.com/watch?v=fq5zU9T_Hl4
Wonder,2017,https://www.youtube.com/watch?v=Ob7fPOzbmzE
Elysium,2013,https://www.youtube.com/watch?v=oIBtePb-dGY
Tarzan,1999,https://www.youtube.com/watch?v=FXmTC6N1YvI
The Purge,2013,https://www.youtube.com/watch?v=K0LLaybEuzA
Mr. & Mrs. Smith,2005,https://www.youtube.com/watch?v=CZ0B22z22pI
Rango,2011,https://www.youtube.com/watch?v=DDgoDooApwM
Zoolander,2001,https://www.youtube.com/watch?v=MaEeSJZYkpY
Mary Poppins,1964,https://www.youtube.com/watch?v=YfkEQDPlb8g
Despicable Me 2,2013,https://www.youtube.com/watch?v=yM9sKpQOuEw
We're the Millers,2013,https://www.youtube.com/watch?v=0Vsy5KzsieQ
Legally Blonde,2001,https://www.youtube.com/watch?v=vWOHwI_FgAo
Now You See Me 2,2016,https://www.youtube.com/watch?v=4I8rVcSQbic
The Secret Life of Pets,2016,https://www.youtube.com/watch?v=i-80SGWfEjM
Pocahontas,1995,https://www.youtube.com/watch?v=Z0oi7Qpp6W4
How the Grinch Stole Christmas,2000,https://www.youtube.com/watch?v=DD0m9t4WHEQ
Panic Room,2002,https://www.youtube.com/watch?v=sp2kKzrCm44
The Adventures of Tintin,2011,https://www.youtube.com/watch?v=LTnCE_SaU38
Divergent,2014,https://www.youtube.com/watch?v=Aw7Eln_xuWc
Men in Black 3,2012,https://www.youtube.com/watch?v=IyaFEBI_L24
Pinocchio,1940,https://www.youtube.com/watch?v=GBgyVY_ClzQ
Pretty Woman,1990,https://www.youtube.com/watch?v=2EBAVoN8L_U
Blockers,2018,https://www.youtube.com/watch?v=RfFcaV5O7SU
Lolita,1962,https://www.youtube.com/watch?v=ihZ-aIJj6-g
Fantasia,1940,https://www.youtube.com/watch?v=XqjMIapchzQ
Nerve,2016,https://www.youtube.com/watch?v=2PR9MOPTI7g
The Pursuit of Happyness,2006,https://www.youtube.com/watch?v=DMOBlEcRuw8
The Polar Express,2004,https://www.youtube.com/watch?v=TQhRqtt-Fpo
Megamind,2010,https://www.youtube.com/watch?v=ead9HCX9fe4
"Girl, Interrupted",1999,https://www.youtube.com/watch?v=qHeqq6b6Vtw
Shrek the Third,2007,https://www.youtube.com/watch?v=_MoIr7811Bs
Cinderella,2015,https://www.youtube.com/watch?v=LfR8Su4ulX0
Matilda,1996,https://www.youtube.com/watch?v=1UigDLytK5A
Horrible Bosses,2011,https://www.youtube.com/watch?v=VpUeQV8sdOc
Fantastic Four,2005,https://www.youtube.com/watch?v=YP-UetX2qX0
Alice in Wonderland,1951,https://www.youtube.com/watch?v=KLIqErnQCuw
Cloudy with a Chance of Meatballs,2009,https://www.youtube.com/watch?v=pUaKcFI4BZY
Mrs. Doubtfire,1993,https://www.youtube.com/watch?v=3euGQ7-brs4
The Shallows,2016,https://www.youtube.com/watch?v=EgdxIlSuB70
Step Brothers,2008,https://www.youtube.com/watch?v=CewglxElBK0
Bambi,1942,https://www.youtube.com/watch?v=yDGv4GIR7A4
The Jungle Book,1967,https://www.youtube.com/watch?v=xFdtyGoVSDE
The Hangover Part II,2011,https://www.youtube.com/watch?v=ohF5ZO_zOYU
Chicken Run,2000,https://www.youtube.com/watch?v=AEOfT7hUcDs
Miss Peregrine's Home for Peculiar Children,2016,https://www.youtube.com/watch?v=tV_IhWE4LP0
Men in Black II,2002,https://www.youtube.com/watch?v=DMHlNR6x2Sw
The Princess and the Frog,2009,https://www.youtube.com/watch?v=uQBy6jqbmlU
The Good Dinosaur,2015,https://www.youtube.com/watch?v=O-RgquKVTPE
Warm Bodies,2013,https://www.youtube.com/watch?v=07s-cNFffDM
Kick-Ass 2,2013,https://www.youtube.com/watch?v=Td921lYSBIA
Hancock,2008,https://www.youtube.com/watch?v=KS5E8r82l2g
Into the Woods,2014,https://www.youtube.com/watch?v=7pjy5MK1X70
13 Going on 30,2004,https://www.youtube.com/watch?v=_pmFp2W65Fs
Dumbo,1941,https://www.youtube.com/watch?v=tLtQ3bCvBA0
National Treasure,2004,https://www.youtube.com/watch?v=vqUPxNT8io4
The Princess Diaries,2001,https://www.youtube.com/watch?v=CzcGwB7qat8
50 First Dates,2004,https://www.youtube.com/watch?v=Q_2AbjYeSMI
Pitch Perfect 2,2015,https://www.youtube.com/watch?v=TY-u5P9pRwA
The Nun,2018,https://www.youtube.com/watch?v=pzD9zGcUNrw
Bright,2017,https://www.youtube.com/watch?v=6EZCBSsBxko
The Hunchback of Notre Dame,1996,https://www.youtube.com/watch?v=O6i3lyx1I_g
A Monster Calls,2016,https://www.youtube.com/watch?v=R2Xbo-irtBA
2012,2009,https://www.youtube.com/watch?v=sFXGrTng0gQ
Me Before You,2016,https://www.youtube.com/watch?v=T0MmkG_nG1U
The Blind Side,2009,https://www.youtube.com/watch?v=gvqj_Tk_kuM
Peter Pan,1953,https://www.youtube.com/watch?v=L-o0ufCPANo
Minions,2015,https://www.youtube.com/watch?v=eisKxhjBnZ0
Enchanted,2007,https://www.youtube.com/watch?v=IJwUFq8uOr0
The Parent Trap,1998,https://www.youtube.com/watch?v=PMAhVpgzmRU
Forgetting Sarah Marshall,2008,https://www.youtube.com/watch?v=K4xD8ZMdJms
One Hundred and One Dalmatians,1961,https://www.youtube.com/watch?v=rKCEyXoPNEU
Tomorrowland,2015,https://www.youtube.com/watch?v=lWZ7O-RrATY
Sixteen Candles,1984,https://www.youtube.com/watch?v=HGLtBJupFFM
Bridget Jones's Diary,2001,https://www.youtube.com/watch?v=xjlKnDWZYzc
Notting Hill,1999,https://www.youtube.com/watch?v=4RI0QvaGoiI
Dumbo,2019,https://www.youtube.com/watch?v=7NiYVoqBt-8
Hocus Pocus,1993,https://www.youtube.com/watch?v=F4e6YQFrt1s
Baywatch,2017,https://www.youtube.com/watch?v=eyKOgnaf0BU
Power Rangers,2017,https://www.youtube.com/watch?v=6CKtFztnJ9M
Jupiter Ascending,2015,https://www.youtube.com/watch?v=t4ZzMkDLjWI
Sing,2016,https://www.youtube.com/watch?v=9qPgK_u4vX8
Knocked Up,2007,https://www.youtube.com/watch?v=cv01Mcdf8rI
The Boy in the Striped Pyjamas,2008,https://www.youtube.com/watch?v=uwysOfnX2Qg
Lemony Snicket's A Series of Unfortunate Events,2004,https://www.youtube.com/watch?v=4ErlhM1NaZA
Transformers: Revenge of the Fallen,2009,https://www.youtube.com/watch?v=fnXzKwUgDhg
Cinderella,1950,https://www.youtube.com/watch?v=UcjYD91YW_M
Fifty Shades of Grey,2015,https://www.youtube.com/watch?v=SfZWFDs0LxA
Bee Movie,2007,https://www.youtube.com/watch?v=VONRQMx78YI
Scary Movie,2000,https://www.youtube.com/watch?v=SzpGYrrcJZw
Scooby-Doo,2002,https://www.youtube.com/watch?v=o3dbeI0BU1k
Meet the Parents,2000,https://www.youtube.com/watch?v=2djcavCEajA
Kung Fu Panda 2,2011,https://www.youtube.com/watch?v=FQ63rqSRrEI
The Babysitter,2017,https://www.youtube.com/watch?v=27d5R9BVInU
The Other Guys,2010,https://www.youtube.com/watch?v=D6WOoUG1eNo
Isn't It Romantic,2019,https://www.youtube.com/watch?v=8ZwgoVmILQU
High School Musical,2006,https://www.youtube.com/watch?v=Cn075_DMils
Big Eyes,2014,https://www.youtube.com/watch?v=2xD9uTlh5hI
Sleeping Beauty,1959,https://www.youtube.com/watch?v=CfsyUyi_FJM
Hotel Transylvania,2012,https://www.youtube.com/watch?v=q4RK3jY7AVk
Cars 2,2011,https://www.youtube.com/watch?v=lg5hj2c5Nkk
Friends with Benefits,2011,https://www.youtube.com/watch?v=MxfaGMuiniI
Transformers: Dark of the Moon,2011,https://www.youtube.com/watch?v=E-Sg_zJrDxc
War Dogs,2016,https://www.youtube.com/watch?v=Rwh9c_E3dJk
Bao,2018,https://www.youtube.com/watch?v=OV_fG6oIda8
Shark Tale,2004,https://www.youtube.com/watch?v=b5EcRbTWm2A
Fantastic Four,2015,https://www.youtube.com/watch?v=_rRoD28-WgU
Lady and the Tramp,1955,https://www.youtube.com/watch?v=oVG-vQNbiJQ
Dark Shadows,2012,https://www.youtube.com/watch?v=N6tVdffCr_M
Gone Baby Gone,2007,https://www.youtube.com/watch?v=JyT0_wfQR2Y
Bolt,2008,https://www.youtube.com/watch?v=Pj0a7GkMH3w
Liar Liar,1997,https://www.youtube.com/watch?v=C1no75lpOiw
Death Note,2017,https://www.youtube.com/watch?v=gvxNaSIB_WI
Palo Alto,2013,https://www.youtube.com/watch?v=sTqMUu1iTIo
Neighbors 2: Sorority Rising,2016,https://www.youtube.com/watch?v=X2i9Zz_AqTg
Oz the Great and Powerful,2013,https://www.youtube.com/watch?v=DylgNj4YQVc
Transformers: Age of Extinction,2014,https://www.youtube.com/watch?v=T9bQCAWahLk
The Hangover Part III,2013,https://www.youtube.com/watch?v=96TelFMZwHc
The Impossible,2012,https://www.youtube.com/watch?v=Bgw394ZKsis
Krampus,2015,https://www.youtube.com/watch?v=h6cVyoMH4QE
The Boss Baby,2017,https://www.youtube.com/watch?v=Ud8j5GaqH3c
Set It Up,2018,https://www.youtube.com/watch?v=X-eRc9PF3TU
Maniac,2018,https://www.youtube.com/watch?v=L6cDDmk-O5A
Everest,2015,https://www.youtube.com/watch?v=79Q2rrQlPW4
Gifted,2017,https://www.youtube.com/watch?v=x7CAjpdRaXU
Paul,2011,https://www.youtube.com/watch?v=BJxlNYb8sJQ
Shrek Forever After,2010,https://www.youtube.com/watch?v=Ma9oseKpj9g
Cars 3,2017,https://www.youtube.com/watch?v=2LeOH9AGJQM
Independence Day: Resurgence,2016,https://www.youtube.com/watch?v=LbduDRH2m2M
Maze Runner: The Scorch Trials,2015,https://www.youtube.com/watch?v=-44_igsZtgU
Murder Mystery,2019,https://www.youtube.com/watch?v=5YEVQDr2f3Q
The Muppets,2011,https://www.youtube.com/watch?v=C4YhbpuGdwQ
The Purge: Anarchy,2014,https://www.youtube.com/watch?v=XzFCDqKE4yA
Snow White and the Huntsman,2012,https://www.youtube.com/watch?v=F9cBVm9gtKU
Central Intelligence,2016,https://www.youtube.com/watch?v=MxEw3elSJ8M
The Dictator,2012,https://www.youtube.com/watch?v=cYplvwBvGA4
The Purge: Election Year,2016,https://www.youtube.com/watch?v=RXMp9fBomJw
The Circle,2017,https://www.youtube.com/watch?v=QUlr8Am4zQ0
The Twilight Saga: Breaking Dawn – Part 2,2012,https://www.youtube.com/watch?v=Ocz50YJOFTM
Maze Runner: The Death Cure,2018,https://www.youtube.com/watch?v=4-BTxXm8KSg
Paper Towns,2015,https://www.youtube.com/watch?v=rFGiHm5WMLk
"Love, Rosie",2014,https://www.youtube.com/watch?v=5zL3YJKygd4
Carrie,2013,https://www.youtube.com/watch?v=qSn7JyijA8k
Ender's Game,2013,https://www.youtube.com/watch?v=2SRizeR4MmU
Sierra Burgess Is a Loser,2018,https://www.youtube.com/watch?v=q9Pk_Eq4BUc
Rise of the Guardians,2012,https://www.youtube.com/watch?v=aPLiBxhoug0
San Andreas,2015,https://www.youtube.com/watch?v=yftHosO0eUo
The Spy Who Dumped Me,2018,https://www.youtube.com/watch?v=CXkUaaVrB_s
Kung Fu Panda 3,2016,https://www.youtube.com/watch?v=10r9ozshGVE
Dumplin',2018,https://www.youtube.com/watch?v=k86KDFh_q6E
Percy Jackson & the Olympians: The Lightning Thief,2010,https://www.youtube.com/watch?v=xko1Mx5w4tg
The Twilight Saga: Breaking Dawn – Part 1,2011,https://www.youtube.com/watch?v=PQNLfo-SOR4
The Woman in Black,2012,https://www.youtube.com/watch?v=VnY0fEV30Wk
Despicable Me 3,2017,https://www.youtube.com/watch?v=6DBi41reeF0
Love & Other Drugs,2010,https://www.youtube.com/watch?v=h6w7Dh-QxzY
Bad Moms,2016,https://www.youtube.com/watch?v=iKCw-kqo3cs
War Horse,2011,https://www.youtube.com/watch?v=JPNyNr2Kp4w
Pitch Perfect 3,2017,https://www.youtube.com/watch?v=Hihto8onbUU
Focus,2015,https://www.youtube.com/watch?v=MxCRgtdAuBo
Insurgent,2015,https://www.youtube.com/watch?v=IR-l_TSjlEo
The Fundamentals of Caring,2016,https://www.youtube.com/watch?v=BSXn-lIs4Y0
Ted 2,2015,https://www.youtube.com/watch?v=S3AVcCggRnU
Project X,2012,https://www.youtube.com/watch?v=HmrhuboNMtg
The Age of Adaline,2015,https://www.youtube.com/watch?v=7UzSekc0LoQ
Transformers: The Last Knight,2017,https://www.youtube.com/watch?v=6Vtf0MszgP8
The Secret World of Arrietty,2010,https://www.youtube.com/watch?v=9CtIXPhPo0g
Eddie the Eagle,2015,https://www.youtube.com/watch?v=CATCSEoeG_c
The Croods,2013,https://www.youtube.com/watch?v=4fVCKy69zUY
Grown Ups,2010,https://www.youtube.com/watch?v=e01NVCveGkg
The Kissing Booth,2018,https://www.youtube.com/watch?v=7bfS6seiLhk
Teenage Mutant Ninja Turtles,2014,https://www.youtube.com/watch?v=vDqQ-smbqHc
John Carter,2012,https://www.youtube.com/watch?v=6Rf55GTEZ_E
Prince of Persia: The Sands of Time,2010,https://www.youtube.com/watch?v=mRDE5l-PJYY
Pixels,2015,https://www.youtube.com/watch?v=XAHprLW48no
The Last Airbender,2010,https://www.youtube.com/watch?v=WdoiHMCVqMQ
Real Steel,2011,https://www.youtube.com/watch?v=SwfmV3nn6QA
To the Bone,2017,https://www.youtube.com/watch?v=705yRfs6Dbs
Olympus Has Fallen,2013,https://www.youtube.com/watch?v=ar-IaAx7s8k
Alice Through the Looking Glass,2016,https://www.youtube.com/watch?v=anvGUW-vsLE
A Million Ways to Die in the West,2014,https://www.youtube.com/watch?v=LhmP8UYtipA
Taken 2,2012,https://www.youtube.com/watch?v=u48UrWtCn5E
Rio,2011,https://www.youtube.com/watch?v=P1GRO31ve5Q
The Stanford Prison Experiment,2015,https://www.youtube.com/watch?v=3XN2X72jrFk
What Happened to Monday,2017,https://www.youtube.com/watch?v=hOiWSWLt-NA
After Earth,2013,https://www.youtube.com/watch?v=CZIt20emgLY
Goosebumps,2015,https://www.youtube.com/watch?v=7Cn716jv61s
It's Kind of a Funny Story,2010,https://www.youtube.com/watch?v=uXU3BDvq-sQ
Horns,2013,https://www.youtube.com/watch?v=B8s_1UcdoNI
The DUFF,2015,https://www.youtube.com/watch?v=ci7eKlNRiuw
Why Him?,2016,https://www.youtube.com/watch?v=CO6qLC4cL8E
Horrible Bosses 2,2014,https://www.youtube.com/watch?v=utriEZFno0E
White House Down,2013,https://www.youtube.com/watch?v=WfaTlmYvTA8
Madagascar 3: Europe's Most Wanted,2012,https://www.youtube.com/watch?v=PlkWVkpP59U
Pete's Dragon,2016,https://www.youtube.com/watch?v=Xhv5Kc8dmv8
Bad Teacher,2011,https://www.youtube.com/watch?v=GahC5cVsU6A
One Day,2011,https://www.youtube.com/watch?v=zVuuooZqVaU
The Internship,2013,https://www.youtube.com/watch?v=jir62_ptloI
The Night Before,2015,https://www.youtube.com/watch?v=kOBdxkhJvHQ
The Lorax,2012,https://www.youtube.com/watch?v=dNMBVVdrMKo
Someone Great,2019,https://www.youtube.com/watch?v=BBd9gcrj2Wk
The Boy,2016,https://www.youtube.com/watch?v=XGbB9UQ6r1g
The Perfect Date,2019,https://www.youtube.com/watch?v=Hld-7oBn3Rk
Hotel Transylvania 2,2015,https://www.youtube.com/watch?v=T3nqmGgnJe8
Sisters,2015,https://www.youtube.com/watch?v=vRnhEjP3R-c
Jane Eyre,2011,https://www.youtube.com/watch?v=8IFsdfk3mlk
In a Heartbeat,2017,https://www.youtube.com/watch?v=2REkk9SCRn0
Piper,2016,https://www.youtube.com/watch?v=WIPV1iwzrzg
Just Go with It,2011,https://www.youtube.com/watch?v=GA0zBMy6uVk
The Book of Life,2014,https://www.youtube.com/watch?v=_i69CJc1BgE
How to Be Single,2016,https://www.youtube.com/watch?v=akwGjUeU6YA
The Light Between Oceans,2016,https://www.youtube.com/watch?v=YSX-mpsVutQ
Bridget Jones's Baby,2016,https://www.youtube.com/watch?v=mJsvmscPY9w
Rough Night,2017,https://www.youtube.com/watch?v=nTv9_kESoiA
Puss in Boots,2011,https://www.youtube.com/watch?v=1esRrwrmWzA
The Boxtrolls,2014,https://www.youtube.com/watch?v=Q2dFVnp5K0o
Dirty Grandpa,2016,https://www.youtube.com/watch?v=skl7gYRZHwE
Fifty Shades Darker,2017,https://www.youtube.com/watch?v=0tXaXNCtbZ0
Ice Age: Continental Drift,2012,https://www.youtube.com/watch?v=xz-KgMtU_BM
I Feel Pretty,2018,https://www.youtube.com/watch?v=PQOlv2Hp6Is
The Chronicles of Narnia: The Voyage of the Dawn Treader,2010,https://www.youtube.com/watch?v=AON1-Ox-Llc
Taken 3,2014,https://www.youtube.com/watch?v=JuU0M2xBasc
Before I Fall,2017,https://www.youtube.com/watch?v=q3Zyy4ZXegE
Pride and Prejudice and Zombies,2016,https://www.youtube.com/watch?v=syjfmdvLu9c
Allegiant,2016,https://www.youtube.com/watch?v=tE8LEPSTK6A
The Huntsman: Winter's War,2016,https://www.youtube.com/watch?v=eAvCgVR0gIM
Cloudy with a Chance of Meatballs 2,2013,https://www.youtube.com/watch?v=3QCJTbHU60U
Suffragette,2015,https://www.youtube.com/watch?v=056FI2Pq9RY
The 5th Wave,2016,https://www.youtube.com/watch?v=kmxLybfGNC4
Movie 43,2013,https://www.youtube.com/watch?v=A9fBCkwDW8c
The Giver,2014,https://www.youtube.com/watch?v=fH6B4S9ENY4
We Bought a Zoo,2011,https://www.youtube.com/watch?v=Fopeq7wx4sw
Percy Jackson: Sea of Monsters,2013,https://www.youtube.com/watch?v=M4MNNw9ZhrA
Home,2015,https://www.youtube.com/watch?v=MyqZf8LiWvM
Grown Ups 2,2013,https://www.youtube.com/watch?v=Sq5CIH0duMk
The Christmas Chronicles,2018,https://www.youtube.com/watch?v=YaeDa_Uempk
Teenage Mutant Ninja Turtles: Out of the Shadows,2016,https://www.youtube.com/watch?v=3CKgLNGfdSM
Abducted in Plain Sight,2017,https://www.youtube.com/watch?v=1fsvNq67iq8
Fifty Shades Freed,2018,https://www.youtube.com/watch?v=GpAuCG6iUcA
If I Stay,2014,https://www.youtube.com/watch?v=rMp896hfp74
Paperman,2012,https://www.youtube.com/watch?v=mM6cLnscmO8
Vacation,2015,https://www.youtube.com/watch?v=kleG7XCqOb4
When We First Met,2018,https://www.youtube.com/watch?v=d2sJNee7FQ4
Dracula Untold,2014,https://www.youtube.com/watch?v=_2aWqecTTuE
The Other Woman,2014,https://www.youtube.com/watch?v=juxTC7hYGTE
Adrift,2018,https://www.youtube.com/watch?v=HdMP4sWc71M
Valentine's Day,2010,https://www.youtube.com/watch?v=1K45RdE2qlk
Jackass Presents: Bad Grandpa,2013,https://www.youtube.com/watch?v=_MSrAwfagG4
R.I.P.D.,2013,https://www.youtube.com/watch?v=nt59JjtWFSU
When They See Us,2019,https://www.youtube.com/watch?v=KyIrJeK2DKY
I Am Number Four,2011,https://www.youtube.com/watch?v=XR2QSlHpKg4
That Awkward Moment,2014,https://www.youtube.com/watch?v=wRcVgJjnFLo
The Sorcerer's Apprentice,2010,https://www.youtube.com/watch?v=BOlGRTARxys
Remember Me,2010,https://www.youtube.com/watch?v=oRUo4cWejYM
Daddy's Home 2,2017,https://www.youtube.com/watch?v=huaGQdrkrK0
Mirror Mirror,2012,https://www.youtube.com/watch?v=ILDeA7AqA84
Jack and Jill,2011,https://www.youtube.com/watch?v=Aft-IW9fO5c
Far from the Madding Crowd,2015,https://www.youtube.com/watch?v=5-_9AFwMDmQ
American Assassin,2017,https://www.youtube.com/watch?v=5dfcQOBJ83A
The Princess Switch,2018,https://www.youtube.com/watch?v=-WBhj57fHeI
Pan,2015,https://www.youtube.com/watch?v=UHl8F60t-ss
The Vow,2012,https://www.youtube.com/watch?v=PcL24s-S6ns
Dear John,2010,https://www.youtube.com/watch?v=r0fq5dd0C60
Flatliners,2017,https://www.youtube.com/watch?v=gUDV0CUzG0k
Stardust,2007,https://www.youtube.com/watch?v=-wwv427DAvA
Mortal Engines,2018,https://www.youtube.com/watch?v=IRsFc2gguEg
The Twilight Saga: Eclipse,2010,https://www.youtube.com/watch?v=kX2DKZcDM-o
Cloud Atlas,2012,https://www.youtube.com/watch?v=ByehYal_cCs
Freaky Friday,2003,https://www.youtube.com/watch?v=r8caetzt02g
The Prince of Egypt,1998,https://www.youtube.com/watch?v=N0Vh65UrBK4
Star Wars: The Rise of Skywalker,2019,https://www.youtube.com/watch?v=8Qn_spdM5Zg
Glass,2019,https://www.youtube.com/watch?v=95ghQs5AmNk
To All the Boys: P.S. I Still Love You,2020,https://www.youtube.com/watch?v=LIU4xb61PHc
Maleficent: Mistress of Evil,2019,https://www.youtube.com/watch?v=yL1f8yNxGBk
The House with a Clock in Its Walls,2018,https://www.youtube.com/watch?v=oQGA42-U0Ro
The Nutcracker and the Four Realms,2018,https://www.youtube.com/watch?v=7dsFI3Tfgdk
Gemini Man,2019,https://www.youtube.com/watch?v=AbyJignbSj0
A Wrinkle in Time,2018,https://www.youtube.com/watch?v=mTY6syC5ZBg
Hustlers,2019,https://www.youtube.com/watch?v=P_dfc0iqmig
Yesterday,2019,https://www.youtube.com/watch?v=6uqvgPm8U4c
Star Wars: Episode II – Attack of the Clones,2002,https://www.youtube.com/watch?v=gYbW1F_c9eM
Star Wars: Episode III – Revenge of the Sith,2005,https://www.youtube.com/watch?v=5UnjrG_N8hU
Return of the Jedi,1983,https://www.youtube.com/watch?v=7L8p7_SLzvU
The Empire Strikes Back,1980,https://www.youtube.com/watch?v=mz_YWNhKOkM
Solo: A Star Wars Story,2018,https://www.youtube.com/watch?v=jPEYpryMp2s
Men in Black: International,2019,https://www.youtube.com/watch?v=BV-WEb2oxLk
Downsizing,2017,https://www.youtube.com/watch?v=UCrBICYM0yM
London Has Fallen,2016,https://www.youtube.com/watch?v=3AsOdX7NcJs
Ralph Breaks the Internet,2018,https://www.youtube.com/watch?v=_BcYBFC6zfY
Deadpool 2,2018,https://www.youtube.com/watch?v=D86RtevtfrA
Jojo Rabbit,2019,https://www.youtube.com/watch?v=tL4McUzXfFI
Knives Out,2019,https://www.youtube.com/watch?v=qGqiHJTsRkQ
Frozen II,2019,https://www.youtube.com/watch?v=Zi4LMpSDccc
Treasure Planet,2002,https://www.youtube.com/watch?v=DJNT7C61NrE
10 Things I Hate About You,1999,https://www.youtube.com/watch?v=Ax8qnxP2TWY
National Treasure: Book of Secrets,2007,https://www.youtube.com/watch?v=lq6MlrkFHG0
Spider-Man: Into the Spider-Verse,2018,https://www.youtube.com/watch?v=g4Hbz2jLxvQ
Midsommar,2019,https://www.youtube.com/watch?v=1Vnghdsjmd0
Joker,2019,https://www.youtube.com/watch?v=zAGVQLHvwOY
The Grand Budapest Hotel,2014,https://www.youtube.com/watch?v=1Fg5iWmQjwk
Django,1966,https://www.youtube.com/watch?v=HA0xG8ThyE4
Logan,2017,https://www.youtube.com/watch?v=Div0iP65aZo
Room,2015,https://www.youtube.com/watch?v=E_Ci-pAL4eE
Whiplash,2014,https://www.youtube.com/watch?v=7d_jQycdQGo
Spider-Man: No Way Home,2021,https://www.youtube.com/watch?v=JfVOs4VSpmA
Dune,2021,https://www.youtube.com/watch?v=n9xhJrPXop4
Once Upon a Time... in Hollywood,2019,https://www.youtube.com/watch?v=ELeMaP8EPAA
The Shining,1980,https://www.youtube.com/watch?v=S014oGZiSdI
Inglourious Basterds,2009,https://www.youtube.com/watch?v=KnrRy6kSFF0
Baby Driver,2017,https://www.youtube.com/watch?v=zTvJJnoWIPk
The Truman Show,1998,https://www.youtube.com/watch?v=dlnmQbPGuls
The Matrix,1999,https://www.youtube.com/watch?v=vKQi3bBA1y8
American Psycho,2000,https://www.youtube.com/watch?v=81mibtQWWBg
Little Women,2019,https://www.youtube.com/watch?v=AST2-4db4ic
Don't Look Up,2021,https://www.youtube.com/watch?v=RbIxYm3mKzI
Hereditary,2018,https://www.youtube.com/watch?v=V6wWKNij_1M
Black Swan,2010,https://www.youtube.com/watch?v=5jaI1XOB-bs
1917,2019,https://www.youtube.com/watch?v=YqNYrYUiMfg
Soul,2020,https://www.youtube.com/watch?v=xOsLIiBStEs
Coco,2017,https://www.youtube.com/watch?v=xlnPHQ3TLX8
Star Wars,1977,https://www.youtube.com/watch?v=XHk5kCIiGoM
Shutter Island,2010,https://www.youtube.com/watch?v=v8yrZSkKxTA
The Shawshank Redemption,1994,https://www.youtube.com/watch?v=NmzuHjWmXOc
A Quiet Place,2018,https://www.youtube.com/watch?v=WR7cc5t7tv8
Tenet,2020,https://www.youtube.com/watch?v=L3pk_TBkihU
Nightcrawler,2014,https://www.youtube.com/watch?v=u1uP_8VJkDQ
The French Dispatch,2021,https://www.youtube.com/watch?v=TcPk2p0Zaw4
Fantastic Mr. Fox,2009,https://www.youtube.com/watch?v=n2igjYFojUo
Zodiac,2007,https://www.youtube.com/watch?v=yNncHPl1UXg
The Shape of Water,2017,https://www.youtube.com/watch?v=XFYWazblaUA
Black Widow,2021,https://www.youtube.com/watch?v=ybji16u608U
Shang-Chi and the Legend of the Ten Rings,2021,https://www.youtube.com/watch?v=8YjFbMbfXaQ
The Suicide Squad,2021,https://www.youtube.com/watch?v=eg5ciqQzmK0
Booksmart,2019,https://www.youtube.com/watch?v=S0Mb6BgnhS0
Encanto,2021,https://www.youtube.com/watch?v=CaimKeDcudo
My Neighbor Totoro,1988,https://www.youtube.com/watch?v=92a7Hj0ijLs
Where the Crawdads Sing,2022,https://www.youtube.com/watch?v=PY3808Iq0Tg
Barbie,2023,https://www.youtube.com/watch?v=pBk4NYhWNMM
Fight Club,1999,https://www.youtube.com/watch?v=qtRKdVHc-cE
The Substance,2024,https://www.youtube.com/watch?v=CFZtIS9bceE
Eternal Sunshine of the Spotless Mind,2004,https://www.youtube.com/watch?v=07-QBnEkgXU
The Batman,2022,https://www.youtube.com/watch?v=mqqft2x_Aa4
Dune: Part Two,2024,https://www.youtube.com/watch?v=Way9Dexny3w
Saltburn,2023,https://www.youtube.com/watch?v=lALMdJf6UUE
Spider-Man: Across the Spider-Verse,2023,https://www.youtube.com/watch?v=cqGjhVJWtEg
Poor Things,2023,https://www.youtube.com/watch?v=_klfx5sGzFk
Challengers,2024,https://www.youtube.com/watch?v=VobTTbg-te0
Lady Bird,2017,https://www.youtube.com/watch?v=cNi_HC839Wo
Spirited Away,2001,https://www.youtube.com/watch?v=ByXuk9QqQkk
Nosferatu,2024,https://www.youtube.com/watch?v=nulvWqYUM8k
(500) Days of Summer,2009,https://www.youtube.com/watch?v=PsD0NpFSADM
Deadpool & Wolverine,2024,https://www.youtube.com/watch?v=73_1biulkYk
Inside Out 2,2024,https://www.youtube.com/watch?v=LEjhY15eCx0
Glass Onion,2022,https://www.youtube.com/watch?v=gj5ibYSz8C0
Titanic,1997,https://www.youtube.com/watch?v=CHekzSiZjrY
Pearl,2022,https://www.youtube.com/watch?v=L5PW5r3pEOg
Howl's Moving Castle,2004,https://www.youtube.com/watch?v=iwROgK94zcM
Us,2019,https://www.youtube.com/watch?v=hNCmb-4oXJA
Longlegs,2024,https://www.youtube.com/watch?v=LSslhT4s6ek
Avatar: The Way of Water,2022,https://www.youtube.com/watch?v=d9MyW72ELq0
Guardians of the Galaxy Vol. 3,2023,https://www.youtube.com/watch?v=u3V5KDHRQvk
Anyone But You,2023,https://www.youtube.com/watch?v=UtjH6Sk7Gxs
Gladiator,2000,https://www.youtube.com/watch?v=P5ieIbInFpg
Superbad,2007,https://www.youtube.com/watch?v=4eaZ_48ZYog
Doctor Strange in the Multiverse of Madness,2022,https://www.youtube.com/watch?v=aWzlQ2N6qqg
The Hunger Games: The Ballad of Songbirds & Snakes,2023,https://www.youtube.com/watch?v=RDE6Uz73A7g
The Witch,2015,https://www.youtube.com/watch?v=iQXmlf3Sefg
How to Lose a Guy in 10 Days,2003,https://www.youtube.com/watch?v=2ZMGk_Ml1fc
The Nightmare Before Christmas,1993,https://www.youtube.com/watch?v=wr6N_hZyBCk
Beautiful Boy,2018,https://www.youtube.com/watch?v=y23HyopQxEg
Priscilla,2023,https://www.youtube.com/watch?v=DBWk6BohVXk
Barbarian,2022,https://www.youtube.com/watch?v=Dr89pmKrqkI
We Live in Time,2024,https://www.youtube.com/watch?v=bS0Clau5700
No Hard Feelings,2023,https://www.youtube.com/watch?v=P15S6ND8kbQ
Star Wars: Episode I – The Phantom Menace,1999,https://www.youtube.com/watch?v=bD7bpG-zDJQ
Thor: Love and Thunder,2022,https://www.youtube.com/watch?v=Go8nTmfrQd8
Moonrise Kingdom,2012,https://www.youtube.com/watch?v=_eOI3AamSm8
Last Night in Soho,2021,https://www.youtube.com/watch?v=AcVnFrxjPjI
Five Nights at Freddy's,2023,https://www.youtube.com/watch?v=0VH9WCFV6XQ
Smile,2022,https://www.youtube.com/watch?v=BcDK7lkzzsU
Luca,2021,https://www.youtube.com/watch?v=mYfJxlgR2jw
The Sixth Sense,1999,https://www.youtube.com/watch?v=3-ZP95NF_Wk
Die Hard,1988,https://www.youtube.com/watch?v=jaJuwKCmJbY
Black Panther: Wakanda Forever,2022,https://www.youtube.com/watch?v=_Z3QKkl1WyM
Turning Red,2022,https://www.youtube.com/watch?v=XdKzUbAiswE
Ready or Not,2019,https://www.youtube.com/watch?v=ZtYTwUxhAoI
Cruella,2021,https://www.youtube.com/watch?v=gmRKv7n2If8
Eternals,2021,https://www.youtube.com/watch?v=x_me3xsvDgk
The Imitation Game,2014,https://www.youtube.com/watch?v=nuPZUUED5uk
Carry-On,2024,https://www.youtube.com/watch?v=KS0XacjMmOc
School of Rock,2003,https://www.youtube.com/watch?v=TExoc0MG4I4
Palm Springs,2020,https://www.youtube.com/watch?v=CpBLtXduh_k
Elemental,2023,https://www.youtube.com/watch?v=hXzcyx9V0xw
Scream VI,2023,https://www.youtube.com/watch?v=h74AXqw4Opc
Scream,2022,https://www.youtube.com/watch?v=beToTslH17s
Hot Fuzz,2007,https://www.youtube.com/watch?v=ayTnvVpj9t4
A Quiet Place Part II,2020,https://www.youtube.com/watch?v=BpdDN9d9Jio
The Holiday,2006,https://www.youtube.com/watch?v=wk9caHO3pW0
Snowpiercer,2013,https://www.youtube.com/watch?v=r6UmqNuMdY4
Leave the World Behind,2023,https://www.youtube.com/watch?v=cMVBi_e8o-Y
Birds of Prey (and the Fantabulous Emancipation of One Harley Quinn),2020,https://www.youtube.com/watch?v=kGM4uYZzfu0
Blink Twice,2024,https://www.youtube.com/watch?v=aMcmfonGWY4
The Blair Witch Project,1999,https://www.youtube.com/watch?v=MBZ-POVsrlI
Ant-Man and the Wasp: Quantumania,2023,https://www.youtube.com/watch?v=ZlNFpri-Y40
White Chicks,2004,https://www.youtube.com/watch?v=aeVkbNka9HM
Ocean's Eight,2018,https://www.youtube.com/watch?v=MFWF9dU5Zc0
The Idea of You,2024,https://www.youtube.com/watch?v=pz6qx4n2Ewc
No Time to Die,2021,https://www.youtube.com/watch?v=BIhNsAtPbPI
Finding Dory,2016,https://www.youtube.com/watch?v=JhvrQeY3doI
Fresh,2022,https://www.youtube.com/watch?v=wKk5VAK1GZQ
12 Years a Slave,2013,https://www.youtube.com/watch?v=z02Ie8wKKRg
The Twilight Saga: New Moon,2009,https://www.youtube.com/watch?v=q58iQSHhZGg
Hit Man,2023,https://www.youtube.com/watch?v=GhSUhbsSetY
I'm Thinking of Ending Things,2020,https://www.youtube.com/watch?v=cDTg62vsV4U
The Secret Life of Walter Mitty,2013,https://www.youtube.com/watch?v=QD6cy4PBQPI
Jumanji: Welcome to the Jungle,2017,https://www.youtube.com/watch?v=2QKg5SZ_35I
The Talented Mr. Ripley,1999,https://www.youtube.com/watch?v=h4e-Si4oGEw
Scream 2,1997,https://www.youtube.com/watch?v=QXjofSo5Je0
Pirates of the Caribbean: At World's End,2007,https://www.youtube.com/watch?v=HKSZtp_OGHY
Napoleon,2023,https://www.youtube.com/watch?v=OAZWXUkrjPc
Borat: Cultural Learnings of America for Make Benefit Glorious Nation of Kazakhstan,2006,https://www.youtube.com/watch?v=vlnUa_dNsRQ
The Little Mermaid,2023,https://www.youtube.com/watch?v=kpGo2_d3oYE
Aquaman,2018,https://www.youtube.com/watch?v=WDkg3h8PCVU
Old,2021,https://www.youtube.com/watch?v=A4U2pMRV9_k
She's the Man,2006,https://www.youtube.com/watch?v=jf67WlthWXk
Emma.,2020,https://www.youtube.com/watch?v=qsOwj0PR5Sk
Rocketman,2019,https://www.youtube.com/watch?v=S3vO8E2e6G0
Kingsman: The Golden Circle,2017,https://www.youtube.com/watch?v=6Nxc-3WpMbg
Enola Holmes,2020,https://www.youtube.com/watch?v=1d0Zf9sXlHk
Moana 2,2024,https://www.youtube.com/watch?v=hDZ7y8RP5HE
Hidden Figures,2016,https://www.youtube.com/watch?v=5wfrDhgUMGI
The Gentlemen,2019,https://www.youtube.com/watch?v=2B0RpUGss2c
House of Gucci,2021,https://www.youtube.com/watch?v=pGi3Bgn7U5U
The Matrix Reloaded,2003,https://www.youtube.com/watch?v=kYzz0FSgpSU
Insidious,2010,https://www.youtube.com/watch?v=zuZnRUcoWos
Sinister,2012,https://www.youtube.com/watch?v=_kbQAJR9YWQ
Do Revenge,2022,https://www.youtube.com/watch?v=rK-JQU_bShc
Onward,2020,https://www.youtube.com/watch?v=gn5QmllRCn4
Fear Street: 1994,2021,https://www.youtube.com/watch?v=UyUuzCGblqc
Scream 4,2011,https://www.youtube.com/watch?v=JKRtyVLWV-E
"Love, Simon",2018,https://www.youtube.com/watch?v=E0cbWdlQg_8
The 40 Year Old Virgin,2005,https://www.youtube.com/watch?v=YnDeJn-BX5Q
The Matrix Resurrections,2021,https://www.youtube.com/watch?v=9ix7TUGVYIo
Doctor Sleep,2019,https://www.youtube.com/watch?v=BOzFZxB-8cw
Jurassic World: Fallen Kingdom,2018,https://www.youtube.com/watch?v=vn9mMeWcgoM
Scream 3,2000,https://www.youtube.com/watch?v=bYi-rmHfrP8
X2,2003,https://www.youtube.com/watch?v=KjzPi5hfv9c
Wonder Woman 1984,2020,https://www.youtube.com/watch?v=XW2E2Fnh52w
Monster House,2006,https://www.youtube.com/watch?v=yB9vThNAIjs
Bridge to Terabithia,2007,https://www.youtube.com/watch?v=_DSGAeeDXO0
Uptown Girls,2003,https://www.youtube.com/watch?v=ftSY4DW5tEk
Jurassic World Dominion,2022,https://www.youtube.com/watch?v=fb5ELWi-ekk
Raya and the Last Dragon,2021,https://www.youtube.com/watch?v=1VIZ89FEjYI
Captain Fantastic,2016,https://www.youtube.com/watch?v=D1kH4OMIOMc
Ponyo,2008,https://www.youtube.com/watch?v=CsR3KVgBzSM
The Royal Tenenbaums,2001,https://www.youtube.com/watch?v=caMgokYWboU
Manchester by the Sea,2016,https://www.youtube.com/watch?v=gsVoD0pTge0
The Black Phone,2021,https://www.youtube.com/watch?v=3eGP6im8AZA
M3GAN,2022,https://www.youtube.com/watch?v=BRb4U99OU80
The Invisible Man,2020,https://www.youtube.com/watch?v=WO_FJdiY9dA
The Platform,2019,https://www.youtube.com/watch?v=RlfooqeZcdY
Venom: Let There Be Carnage,2021,https://www.youtube.com/watch?v=-FmWuCgJmxo
Sweeney Todd: The Demon Barber of Fleet Street,2007,https://www.youtube.com/watch?v=acHBq_oZm-8
The Place Beyond the Pines,2012,https://www.youtube.com/watch?v=KepnbJT5nBw
Spectre,2015,https://www.youtube.com/watch?v=ujmoYyEyDP8
The Addams Family,1991,https://www.youtube.com/watch?v=G388UMkJIBE
Venom: The Last Dance,2024,https://www.youtube.com/watch?v=__2bjWbetsA
The Conjuring: The Devil Made Me Do It,2021,https://www.youtube.com/watch?v=h9Q4zZS2v1k
Fear Street: 1978,2021,https://www.youtube.com/watch?v=eR2KSY1fipo
Orphan,2009,https://www.youtube.com/watch?v=nhziUAHlQf8
Pirates of the Caribbean: On Stranger Tides,2011,https://www.youtube.com/watch?v=0BXCVe8Yww4
"As Above, So Below",2014,https://www.youtube.com/watch?v=X_BaqNzdGXY
The King,2019,https://www.youtube.com/watch?v=svVykTznk9Q
The Wolverine,2013,https://www.youtube.com/watch?v=toLpchTUYk8
Pirates of the Caribbean: Dead Men Tell No Tales,2017,https://www.youtube.com/watch?v=KrGyD4kHTSE
"Are You There God? It's Me, Margaret.",2023,https://www.youtube.com/watch?v=LzRzojHC3iE
Borat Subsequent Moviefilm,2020,https://www.youtube.com/watch?v=HOwaypo3jC4
Totally Killer,2023,https://www.youtube.com/watch?v=vNm3VPPKEQI
Mufasa: The Lion King,2024,https://www.youtube.com/watch?v=o17MF9vnabg
High School Musical 2,2007,https://www.youtube.com/watch?v=8UiHFHF-Nqk
The Intern,2015,https://www.youtube.com/watch?v=ZU3Xban0Y6A
Lightyear,2022,https://www.youtube.com/watch?v=BwZs3H_UN3k
The Adam Project,2022,https://www.youtube.com/watch?v=IE8HIsIrq4o
Jumanji: The Next Level,2019,https://www.youtube.com/watch?v=rBxcF-r9Ibs
Morbius,2022,https://www.youtube.com/watch?v=oZ6iiRrz1SY
Fear Street: 1666,2021,https://www.youtube.com/watch?v=dj3CXY8rKuY
Damsel,2024,https://www.youtube.com/watch?v=iM150ZWovZM
Miss Congeniality,2000,https://www.youtube.com/watch?v=LwrEnPYHsyQ
Vivarium,2019,https://www.youtube.com/watch?v=L33tYvvTg50
Red Notice,2021,https://www.youtube.com/watch?v=Pj0wz7zu3Ms
Robots,2005,https://www.youtube.com/watch?v=zyLI71Z0RF4
Brother Bear,2003,https://www.youtube.com/watch?v=9nWH0l2mhO0
Erin Brockovich,2000,https://www.youtube.com/watch?v=jjqUUxIy_yk
Alita: Battle Angel,2019,https://www.youtube.com/watch?v=w7pYhpJaJW8
Hairspray,2007,https://www.youtube.com/watch?v=SUoG7mqCixI
In Time,2011,https://www.youtube.com/watch?v=YRSBiTF3wNw
Madagascar: Escape 2 Africa,2008,https://www.youtube.com/watch?v=MUAbupPbGbQ
Chicken Little,2005,https://www.youtube.com/watch?v=gQetyAdnwAo
Candyman,2021,https://www.youtube.com/watch?v=ikDJlfuU758
The Princess Diaries 2: Royal Engagement,2004,https://www.youtube.com/watch?v=noajhlyKW8s
Child's Play,1988,https://www.youtube.com/watch?v=qDbMsaJjp3c
Ice Age: The Meltdown,2006,https://www.youtube.com/watch?v=pfESEXIZ_lw
Cruel Intentions,1999,https://www.youtube.com/watch?v=UzlKsS-IhEo
Charlie's Angels,2000,https://www.youtube.com/watch?v=RFuZhw5b1KA
Anastasia,1997,https://www.youtube.com/watch?v=M0vnBeHeuzs
Quantum of Solace,2008,https://www.youtube.com/watch?v=BBqYaFEWBxI
A Cinderella Story,2004,https://www.youtube.com/watch?v=B_VFs9j95gc
Surf's Up,2007,https://www.youtube.com/watch?v=7mPdQRXFiPA
Billy Elliot,2000,https://www.youtube.com/watch?v=phCEwSmHpOE
Flipped,2010,https://www.youtube.com/watch?v=q40GxY5n2Dg
Atlantis: The Lost Empire,2001,https://www.youtube.com/watch?v=sZIimDPZQwg
Five Feet Apart,2019,https://www.youtube.com/watch?v=XtgCqMZofqM
Alvin and the Chipmunks,2007,https://www.youtube.com/watch?v=sc-C8uumMkw
Happy Feet,2006,https://www.youtube.com/watch?v=G2z-xAZRFcQ
Enola Holmes 2,2022,https://www.youtube.com/watch?v=KKXNmYoPkx0
Happy Gilmore,1996,https://www.youtube.com/watch?v=y1emDAYCfVQ
Over the Hedge,2006,https://www.youtube.com/watch?v=kkrGBlvGK4I
The Nun II,2023,https://www.youtube.com/watch?v=QF-oyCwaArU
Violent Night,2022,https://www.youtube.com/watch?v=a53e4HHnx_s
Austin Powers: International Man of Mystery,1997,https://www.youtube.com/watch?v=5vsANcS4Ml8
Run,2020,https://www.youtube.com/watch?v=0Dhh7q9Us5c
Wallace & Gromit: The Curse of the Were-Rabbit,2005,https://www.youtube.com/watch?v=566_PBg6jkE
Ma,2019,https://www.youtube.com/watch?v=eIvbEC8N3cA
The Spectacular Now,2013,https://www.youtube.com/watch?v=0dCfbBwFI2Y
Diary of a Wimpy Kid,2010,https://www.youtube.com/watch?v=7ZVEIgPeDCE
The Strangers,2008,https://www.youtube.com/watch?v=BbqELQHpmQM
Wild Child,2008,https://www.youtube.com/watch?v=NdYXF6JESPc
Love and Monsters,2020,https://www.youtube.com/watch?v=-19tBHrZwOM
Flushed Away,2006,https://www.youtube.com/watch?v=YIwja07VVg4
She's All That,1999,https://www.youtube.com/watch?v=zpaSBrI3PGM
Gerald's Game,2017,https://www.youtube.com/watch?v=twbGU2CqqQU
The Aristocats,1970,https://www.youtube.com/watch?v=ll0kt-Zzzo4
The Cat in the Hat,2003,https://www.youtube.com/watch?v=oIPq9Kp-9A0
Ghost,1990,https://www.youtube.com/watch?v=8uubih798tg
The Grinch,2018,https://www.youtube.com/watch?v=vjnqABgxfO0
Molly's Game,2017,https://www.youtube.com/watch?v=Vu4UPet8Nyc
Ella Enchanted,2004,https://www.youtube.com/watch?v=OoSUHgs7hCs
The Chronicles of Narnia: Prince Caspian,2008,https://www.youtube.com/watch?v=zZfDS5eu7fA
Stuart Little,1999,https://www.youtube.com/watch?v=Wlo-sYrADlw
Bride Wars,2009,https://www.youtube.com/watch?v=KBDE4uznmIw
Scooby-Doo 2: Monsters Unleashed,2004,https://www.youtube.com/watch?v=xMi4xr1-JeM
Wedding Crashers,2005,https://www.youtube.com/watch?v=GnD48PD84-8
Aquaman and the Lost Kingdom,2023,https://www.youtube.com/watch?v=UGc5Tzz19UY
Miller's Girl,2024,https://www.youtube.com/watch?v=vk2OJZHutBM
Diary of a Wimpy Kid: Rodrick Rules,2011,https://www.youtube.com/watch?v=U3gnyS-n7SE
Fantastic Four: Rise of the Silver Surfer,2007,https://www.youtube.com/watch?v=Wiu5eZ_7vSY
Freaky,2020,https://www.youtube.com/watch?v=EqPnIcDW9g0
All the Bright Places,2020,https://www.youtube.com/watch?v=zfQXKVCudec
Thoroughbreds,2017,https://www.youtube.com/watch?v=TPcV_3D3V2A
My Girl,1991,https://www.youtube.com/watch?v=KSyKO0Lklmo
Extraction,2020,https://www.youtube.com/watch?v=L6P3nI6VnlY
The Phantom of the Opera,2004,https://www.youtube.com/watch?v=N91AL8sAh9o
Mulan,2020,https://www.youtube.com/watch?v=KK8FHdFluOQ
Addams Family Values,1993,https://www.youtube.com/watch?v=EisokUNMfeA
Uglies,2024,https://www.youtube.com/watch?v=OhcOHkgTrQQ
Monsters vs Aliens,2009,https://www.youtube.com/watch?v=Egpr_CAS3U8
Escape Room,2019,https://www.youtube.com/watch?v=6dSKUoV0SNI
Sully,2016,https://www.youtube.com/watch?v=mjKEXxO2KNE
Confessions of a Shopaholic,2009,https://www.youtube.com/watch?v=d-jE5WJ7J28
Oblivion,2013,https://www.youtube.com/watch?v=XmIIgE7eSak
Insidious: The Red Door,2023,https://www.youtube.com/watch?v=ZuQuOnYnr3Q
To All the Boys: Always and Forever,2021,https://www.youtube.com/watch?v=2jPdejek5QA
A Streetcar Named Desire,1951,https://www.youtube.com/watch?v=u9YgJjSCT08
The New Mutants,2020,https://www.youtube.com/watch?v=W_vJhUAOFpI
The Santa Clause,1994,https://www.youtube.com/watch?v=Bx8FX7etF_8
Footloose,1984,https://www.youtube.com/watch?v=P4narQca4Oc
Scary Movie 2,2001,https://www.youtube.com/watch?v=zCFZUZxBVuI
Insidious: Chapter 2,2013,https://www.youtube.com/watch?v=fBbi4NeebAk
Annabelle: Creation,2017,https://www.youtube.com/watch?v=KisPhy7T__Q
Holidate,2020,https://www.youtube.com/watch?v=hxaaAoI57fk
Murder Mystery 2,2023,https://www.youtube.com/watch?v=LM2F56uK0fs
Zathura: A Space Adventure,2005,https://www.youtube.com/watch?v=zNxm_obDpNU
Big Daddy,1999,https://www.youtube.com/watch?v=jxnccxgybUI
Christopher Robin,2018,https://www.youtube.com/watch?v=0URpDxIjZrQ
Band of Brothers,2001,https://www.youtube.com/watch?v=KKRBAFlN5ww
Adventureland,2009,https://www.youtube.com/watch?v=4PlF9XjGfqI
Hannah Montana: The Movie,2009,https://www.youtube.com/watch?v=uIYluH80idw
A Goofy Movie,1995,https://www.youtube.com/watch?v=aFYCQoIpGuE
Letters to Juliet,2010,https://www.youtube.com/watch?v=8j0qMY-LeKM
Fractured,2019,https://www.youtube.com/watch?v=sCimThZW-Ew
Casper,1995,https://www.youtube.com/watch?v=1RM2TV4vDUY
Monte Carlo,2011,https://www.youtube.com/watch?v=X0n3Q_VDQk8
The House Bunny,2008,https://www.youtube.com/watch?v=i-RmuzppVuM
Good Boys,2019,https://www.youtube.com/watch?v=zPXqwAGmX04
Not Another Teen Movie,2001,https://www.youtube.com/watch?v=f1sbQf58B50
Sky High,2005,https://www.youtube.com/watch?v=G7aMWVN1ThM
John Tucker Must Die,2006,https://www.youtube.com/watch?v=hvn8RCxGauQ
Purple Hearts,2022,https://www.youtube.com/watch?v=WTLgg8oRSBE
"Extremely Wicked, Shockingly Evil and Vile",2019,https://www.youtube.com/watch?v=i2Ozn_ox_4A
Marley & Me,2008,https://www.youtube.com/watch?v=Ws-9ra38AlI
No Strings Attached,2011,https://www.youtube.com/watch?v=i4NIiCSEiTg
Lolita,1997,https://www.youtube.com/watch?v=vaO_L0n0zhc
Happy Death Day 2U,2019,https://www.youtube.com/watch?v=THq6KlWgiqw
Lemonade Mouth,2011,https://www.youtube.com/watch?v=Ecn8dvDK7LQ
Hubie Halloween,2020,https://www.youtube.com/watch?v=kY3SuNvqQPw
Meet the Fockers,2004,https://www.youtube.com/watch?v=JG5NnOIKeew
Horton Hears a Who!,2008,https://www.youtube.com/watch?v=xW_q1YxisUc
Instant Family,2018,https://www.youtube.com/watch?v=IUfZq3DUd3Y
Drop Dead Gorgeous,1999,https://www.youtube.com/watch?v=dpkZV4wX92M
Mary Poppins Returns,2018,https://www.youtube.com/watch?v=gZgUW88D15w
Meet the Robinsons,2007,https://www.youtube.com/watch?v=S396-fnLldk
17 Again,2009,https://www.youtube.com/watch?v=UQK5Hh0L1Sg
High School Musical 3: Senior Year,2008,https://www.youtube.com/watch?v=bEQXcbqvbT0
Annabelle,2014,https://www.youtube.com/watch?v=paFgQNPGlsg
Spy Kids,2001,https://www.youtube.com/watch?v=GE5aHKJp6HI
Bring It On,2000,https://www.youtube.com/watch?v=4Fza-ZDQE6c
Holes,2003,https://www.youtube.com/watch?v=ehfD-_2zz2w
Night at the Museum: Battle of the Smithsonian,2009,https://www.youtube.com/watch?v=lPLY8O1y0qA
Camp Rock,2008,https://www.youtube.com/watch?v=X_oj3K_DUgE
Wish,2023,https://www.youtube.com/watch?v=oyRxxpD3yNw
Aquamarine,2006,https://www.youtube.com/watch?v=4gkdYYpII6M
Burlesque,2010,https://www.youtube.com/watch?v=_KqN85L-Vzk
The Pope's Exorcist,2023,https://www.youtube.com/watch?v=YJXqvnT_rsk
After,2019,https://www.youtube.com/watch?v=g99KPOpqZ4Q
Blended,2014,https://www.youtube.com/watch?v=V6cKLTmDB-k
Roald Dahl's Matilda the Musical,2022,https://www.youtube.com/watch?v=lroAhsDr2vI
Annabelle Comes Home,2019,https://www.youtube.com/watch?v=bCxm7cTpBAs
Ticket to Paradise,2022,https://www.youtube.com/watch?v=hkP4tVTdsz8
Time Cut,2024,https://www.youtube.com/watch?v=a8F6yN56zB0
The Kissing Booth 2,2020,https://www.youtube.com/watch?v=fjVonI2oVeM
9,2009,https://www.youtube.com/watch?v=_qApXdc1WPY
Our Little Secret,2024,https://www.youtube.com/watch?v=fcc9G9PXTEE
Pet Sematary,2019,https://www.youtube.com/watch?v=VllcgXSIJkE
Scary Movie 3,2003,https://www.youtube.com/watch?v=O21wD8Tzr2k
The Fox and the Hound,1981,https://www.youtube.com/watch?v=hbuIeTHh4To
The Babysitter: Killer Queen,2020,https://www.youtube.com/watch?v=8WzUYkzRgBE
Descendants,2015,https://www.youtube.com/watch?v=iQLFxkGyrRk
Don't Move,2024,https://www.youtube.com/watch?v=YjTZMEbpKsc
Love at First Sight,2023,https://www.youtube.com/watch?v=j0kro6SuwxM
Eurovision Song Contest: The Story of Fire Saga,2020,https://www.youtube.com/watch?v=7q6Co-nd0lM
Teen Beach Movie,2013,https://www.youtube.com/watch?v=6FuIBuXCiTo
Garfield,2004,https://www.youtube.com/watch?v=5g1SLGRM6qU
Night at the Museum: Secret of the Tomb,2014,https://www.youtube.com/watch?v=KMKk7Dn__-Y
Babe,1995,https://www.youtube.com/watch?v=yuzXPzgBDvo
Gnomeo & Juliet,2011,https://www.youtube.com/watch?v=qIlr2aR-Vhk
Paul Blart: Mall Cop,2009,https://www.youtube.com/watch?v=dfzmYp60I7w
Cheaper by the Dozen,2003,https://www.youtube.com/watch?v=csiX-mSqkGc
The Smurfs,2011,https://www.youtube.com/watch?v=yhBpgqXwrt8
6 Underground,2019,https://www.youtube.com/watch?v=YLE85olJjp8
She-Hulk: Attorney at Law,2022,https://www.youtube.com/watch?v=u7JsKhI2An0
"Angus, Thongs and Perfect Snogging",2008,https://www.youtube.com/watch?v=ogBjxasdQR0
Alvin and the Chipmunks: The Squeakquel,2009,https://www.youtube.com/watch?v=HwVzCtRvcyY
"Legally Blonde 2: Red, White & Blonde",2003,https://www.youtube.com/watch?v=I25jkF0bdJk
You Don't Mess with the Zohan,2008,https://www.youtube.com/watch?v=ucmnTmYpGhI
101 Dalmatians,1996,https://www.youtube.com/watch?v=VApVpvcGW1A
Blades of Glory,2007,https://www.youtube.com/watch?v=UrZb-dZKCIQ
Love Hard,2021,https://www.youtube.com/watch?v=3boMRfx6cjE
Tall Girl,2019,https://www.youtube.com/watch?v=NfpXeLVzJIw
Fighting with My Family,2019,https://www.youtube.com/watch?v=WqF3VTv0cqU
Ms. Marvel,2022,https://www.youtube.com/watch?v=m9EX0f6V11Y
The Sword in the Stone,1963,https://www.youtube.com/watch?v=UI57RCDMgVM
That's My Boy,2012,https://www.youtube.com/watch?v=HZJKgniCvUI
Senior Year,2022,https://www.youtube.com/watch?v=HCtDkpe89aY
Spy Kids 3-D: Game Over,2003,https://www.youtube.com/watch?v=9ZURSucyGkQ
Child's Play 2,1990,https://www.youtube.com/watch?v=A1LRR3jLNBs
Charlie's Angels,2019,https://www.youtube.com/watch?v=RSUq4VfWfjE
Peter Pan,2003,https://www.youtube.com/watch?v=SyYESEvDNIg
Disenchanted,2022,https://www.youtube.com/watch?v=dRuwjZJ-DQw
"Yes, God, Yes",2019,https://www.youtube.com/watch?v=xxSls6dhjUo
Insidious: Chapter 3,2015,https://www.youtube.com/watch?v=3HxEXnVSr1w
The Lizzie McGuire Movie,2003,https://www.youtube.com/watch?v=eIm8g4IA_1Y
Fear,1996,https://www.youtube.com/watch?v=p2AlffKozbg
Daddy's Home,2015,https://www.youtube.com/watch?v=arhMMJx7tCU
Bedtime Stories,2008,https://www.youtube.com/watch?v=oWh97nOY1n0
Nanny McPhee,2005,https://www.youtube.com/watch?v=4iCRftNMwC4
Spy Kids 2: The Island of Lost Dreams,2002,https://www.youtube.com/watch?v=8tTJ7kMgANg
Tinker Bell,2008,https://www.youtube.com/watch?v=2HMbcoV25ss
Rio 2,2014,https://www.youtube.com/watch?v=leJuOObuCxM
What's Your Number?,2011,https://www.youtube.com/watch?v=bgkxGrsX-A4
I See You,2019,https://www.youtube.com/watch?v=1z3bGnYhMis
Just My Luck,2006,https://www.youtube.com/watch?v=rkJInkePtOY
The Kissing Booth 3,2021,https://www.youtube.com/watch?v=5fKn0Dhj64w
This Is 40,2012,https://www.youtube.com/watch?v=gxkNuHrS6cg
Plus One,2019,https://www.youtube.com/watch?v=RZSeK851vZY
Saving Mr. Banks,2013,https://www.youtube.com/watch?v=a5kYmrjongg
Princess Protection Program,2009,https://www.youtube.com/watch?v=g-6pg6TnArI
Child's Play,2019,https://www.youtube.com/watch?v=PeHNLikDiVw
Shallow Hal,2001,https://www.youtube.com/watch?v=m5LmfARzwDU
The Land Before Time,1988,https://www.youtube.com/watch?v=Hmrx8luoec0
Open Season,2006,https://www.youtube.com/watch?v=67tNWU_P7pg
What a Girl Wants,2003,https://www.youtube.com/watch?v=ah1L40a4X98
Scary Movie 4,2006,https://www.youtube.com/watch?v=-Bwr6LB5Dqw
The School for Good and Evil,2022,https://www.youtube.com/watch?v=aftysDQ4hpI
Family Switch,2023,https://www.youtube.com/watch?v=SWh4c9EVqGM
The Golden Compass,2007,https://www.youtube.com/watch?v=LHYoOGfBObU
Starstruck,2010,https://www.youtube.com/watch?v=PmqQyrycpmE
The Hustle,2019,https://www.youtube.com/watch?v=_j5hwooOHVE
Descendants 2,2017,https://www.youtube.com/watch?v=-iwE57nUG80
Norbit,2007,https://www.youtube.com/watch?v=HFIdZpc2L6w
A Dog's Purpose,2017,https://www.youtube.com/watch?v=1jLOOCADTGs
Scooby-Doo on Zombie Island,1998,https://www.youtube.com/watch?v=RFeNB8IlPlc
P.S. I Love You,2007,https://www.youtube.com/watch?v=CZzW6_hR068
The Secret Garden,1993,https://www.youtube.com/watch?v=1zeqqhA5Z3A