,Title,Year,Poster URL
0,Get Out,2017,https://image.tmdb.org/t/p/w500/tFXcEccSQMf3lfhfXKSU9iRBpa3.jpg
1,Avengers: Infinity War,2018,https://image.tmdb.org/t/p/w500/7WsyChQLEftFiDOVTGkv3hFpyyt.jpg
2,La La Land,2016,https://image.tmdb.org/t/p/w500/uDO8zWDhfWwoFdKS4fzkUJt0Rf0.jpg
3,Black Panther,2018,https://image.tmdb.org/t/p/w500/uxzzxijgPIY7slzFvMotPv8wjKA.jpg
4,Mad Max: Fury Road,2015,https://image.tmdb.org/t/p/w500/hA2ple9q4qnwxp3hKVNhroipsir.jpg
5,Avengers: Endgame,2019,https://image.tmdb.org/t/p/w500/ulzhLuWrPK07P1YkdWQLZnQh1JL.jpg
6,Arrival,2016,https://image.tmdb.org/t/p/w500/x2FJsf1ElAgr63Y3PNPtJrcmpoe.jpg
7,Guardians of the Galaxy,2014,https://image.tmdb.org/t/p/w500/jPrJPZKJVhvyJ4DmUTrDgmFN0yG.jpg
8,Interstellar,2014,https://image.tmdb.org/t/p/w500/gEU2QniE6E77NI6lCU6MxlNBvIx.jpg
9,Star Wars: The Force Awakens,2015,https://image.tmdb.org/t/p/w500/wqnLdwVXoBjKibFRR5U3y0aDUhs.jpg
10,Thor: Ragnarok,2017,https://image.tmdb.org/t/p/w500/rzRwTcFvttcN1ZpX2xv4j3tSdJu.jpg
11,Gone Girl,2014,https://image.tmdb.org/t/p/w500/ts996lKsxvjkO2yiYG0ht4qAicO.jpg
12,Dunkirk,2017,https://image.tmdb.org/t/p/w500/b4Oe15CGLL61Ped0RAS9JpqdmCt.jpg
13,Blade Runner 2049,2017,https://image.tmdb.org/t/p/w500/gajva2L0rPYkEWjzgFlBXCAVBE5.jpg
14,Call Me by Your Name,2017,https://image.tmdb.org/t/p/w500/gXiE0WveDnT0n5J4sW9TMxXF4oT.jpg
15,Spider-Man: Homecoming,2017,https://image.tmdb.org/t/p/w500/c24sv2weTHPsmDa7jEMN0m2P3RT.jpg
16,Deadpool,2016,https://image.tmdb.org/t/p/w500/3E53WEZJqP6aM84D8CckXx4pIHw.jpg
17,The Wolf of Wall Street,2013,https://image.tmdb.org/t/p/w500/kW9LmvYHAaS9iA0tHmZVq8hQYoq.jpg
18,Star Wars: The Last Jedi,2017,https://image.tmdb.org/t/p/w500/kOVEVeg59E0wsnXmF9nrh6OmWII.jpg
19,Django Unchained,2012,https://image.tmdb.org/t/p/w500/bV0rWoiRo7pHUTQkh6Oio6irlXO.jpg
20,Guardians of the Galaxy Vol. 2,2017,https://image.tmdb.org/t/p/w500/y4MBh0EjBlMuOzv9axM4qJlmhzz.jpg
21,The Avengers,2012,https://image.tmdb.org/t/p/w500/RYMX2wcKCBAr24UyPD7xwmjaTn.jpg
22,Captain America: Civil War,2016,https://image.tmdb.org/t/p/w500/rAGiXaUfPzY7CDEyNKUofk3Kw2e.jpg
23,Inside Out,2015,https://image.tmdb.org/t/p/w500/2H1TmgdfNtsKlU9jKdeNyYL5y8T.jpg
24,It,2017,https://image.tmdb.org/t/p/w500/9E2y5Q7WlCVNEhP5GiVTjhEhx1o.jpg
25,Ex Machina,2015,https://image.tmdb.org/t/p/w500/dmJW8IAKHKxFNiUnoDR7JfsK7Rp.jpg
26,The Silence of the Lambs,1991,https://image.tmdb.org/t/p/w500/uS9m8OBk1A8eM9I042bx8XXpqAq.jpg
27,Blade Runner,1982,https://image.tmdb.org/t/p/w500/63N9uy8nd9j7Eog2axPQ8lbr3Wj.jpg
28,Wonder Woman,2017,https://image.tmdb.org/t/p/w500/v4ncgZjG2Zu8ZW5al1vIZTsSjqX.jpg
29,The Social Network,2010,https://image.tmdb.org/t/p/w500/n0ybibhJtQ5icDqTp8eRytcIHJx.jpg
30,Captain Marvel,2019,https://image.tmdb.org/t/p/w500/AtsgWhDnHTq68L0lLsUrCnM7TjG.jpg
31,Captain America: The Winter Soldier,2014,https://image.tmdb.org/t/p/w500/tVFRpFw3xTedgPGqxW0AOI8Qhh0.jpg
32,Rogue One: A Star Wars Story,2016,https://image.tmdb.org/t/p/w500/i0yw1mFbB7sNGHCs7EXZPzFkdA1.jpg
33,Annihilation,2018,https://image.tmdb.org/t/p/w500/z19tTNd8YxJnaDwQiNC7yCUkgbr.jpg
34,Se7en,1995,https://image.tmdb.org/t/p/w500/191nKfP0ehp3uIvWqgPbFmI4lv9.jpg
35,The Martian,2015,https://image.tmdb.org/t/p/w500/3ndAx3weG6KDkJIRMCi5vXX6Dyb.jpg
36,Doctor Strange,2016,https://image.tmdb.org/t/p/w500/uGBVj3bEbCoZbDjjl9wTxcygko1.jpg
37,The Lord of the Rings: The Fellowship of the Ring,2001,https://image.tmdb.org/t/p/w500/6oom5QYQ2yQTMJIbnvbkBL9cHo6.jpg
38,Bohemian Rhapsody,2018,https://image.tmdb.org/t/p/w500/lHu1wtNaczFPGFDTrjCSzeLPTKN.jpg
39,Incredibles 2,2018,https://image.tmdb.org/t/p/w500/9lFKBtaVIhP7E2Pk0IY1CwTKTMZ.jpg
40,Forrest Gump,1994,https://image.tmdb.org/t/p/w500/arw2vcBveWOVZr6pxd9XTd1TdQa.jpg
41,Avengers: Age of Ultron,2015,https://image.tmdb.org/t/p/w500/4ssDuvEDkSArWEdyBl2X5EHvYKU.jpg
42,Back to the Future,1985,https://image.tmdb.org/t/p/w500/vN5B5WgYscRGcQpVhHl6p9DDTP0.jpg
43,A Star Is Born,2018,https://image.tmdb.org/t/p/w500/3Hr63lBDhvYGpSd8HxDpWvowZpY.jpg
44,Iron Man,2008,https://image.tmdb.org/t/p/w500/78lPtwv72eTNqFW9COBYI0dWDJa.jpg
45,Spider-Man: Far From Home,2019,https://image.tmdb.org/t/p/w500/4q2NNj4S5dG2RLF9CpXsej7yXl.jpg
46,The Incredibles,2004,https://image.tmdb.org/t/p/w500/2LqaLgk4Z226KkgPJuiOQ58wvrm.jpg
47,Ant-Man,2015,https://image.tmdb.org/t/p/w500/rQRnQfUl3kfp78nCWq8Ks04vnq1.jpg
48,Toy Story,1995,https://image.tmdb.org/t/p/w500/uXDfjJbdP4ijW5hWSBrPrlKpxab.jpg
49,WALL·E,2008,https://image.tmdb.org/t/p/w500/hbhFnRzzg6ZDmm8YAmxBnQpQIPh.jpg
50,The Lord of the Rings: The Return of the King,2003,https://image.tmdb.org/t/p/w500/rCzpDGLbOoPwLjy3OAm5NUPOTrC.jpg
51,Up,2009,https://image.tmdb.org/t/p/w500/mFvoEwSfLqbcWwFsDjQebn9bzFe.jpg
52,Split,2016,https://image.tmdb.org/t/p/w500/lli31lYTFpvxVBeFHWoe5PMfW5s.jpg
53,Zootopia,2016,https://image.tmdb.org/t/p/w500/hlK0e0wAQ3VLuJcsfIYPvb4JVud.jpg
54,Kingsman: The Secret Service,2014,https://image.tmdb.org/t/p/w500/r6q9wZK5a2K51KFj4LWVID6Ja1r.jpg
55,"I, Tonya",2017,https://image.tmdb.org/t/p/w500/6gNXwSHxaksR1PjVZRqNapmkgj3.jpg
56,Ant-Man and the Wasp,2018,https://image.tmdb.org/t/p/w500/cFQEO687n1K6umXbInzocxcnAQz.jpg
57,The Lion King,1994,https://image.tmdb.org/t/p/w500/sKCr78MXSLixwmZ8DyJLrpMsd15.jpg
58,The Lord of the Rings: The Two Towers,2002,https://image.tmdb.org/t/p/w500/5VTN0pR8gcqV3EPUHHfMGnJYN9L.jpg
59,Captain America: The First Avenger,2011,https://image.tmdb.org/t/p/w500/vSNxAJTlD0r02V9sPYpOjqDZXUK.jpg
60,Finding Nemo,2003,https://image.tmdb.org/t/p/w500/eHuGQ10FUzK1mdOY69wF5pGgEf5.jpg
61,Ready Player One,2018,https://image.tmdb.org/t/p/w500/pU1ULUq8D3iRxl1fdX2lZIzdHuI.jpg
62,Suicide Squad,2016,https://image.tmdb.org/t/p/w500/sk3FZgh3sRrmr8vyhaitNobMcfh.jpg
63,Iron Man 3,2013,https://image.tmdb.org/t/p/w500/qhPtAc1TKbMPqNvcdXSOn9Bn7hZ.jpg
64,Toy Story 3,2010,https://image.tmdb.org/t/p/w500/AbbXspMOwdvwWZgVN0nabZq03Ec.jpg
65,The Breakfast Club,1985,https://image.tmdb.org/t/p/w500/wM9ErA8UVdcce5P4oefQinN8VVV.jpg
66,Harry Potter and the Prisoner of Azkaban,2004,https://image.tmdb.org/t/p/w500/aWxwnYoe8p2d2fcxOqtvAtJ72Rw.jpg
67,Ratatouille,2007,https://image.tmdb.org/t/p/w500/t3vaWRPSf6WjDSamIkKDs1iQWna.jpg
68,Shaun of the Dead,2004,https://image.tmdb.org/t/p/w500/dgXPhzNJH8HFTBjXPB177yNx6RI.jpg
69,Moana,2016,https://image.tmdb.org/t/p/w500/9tzN8sPbyod2dsa0lwuvrwBDWra.jpg
70,Inception,2010,https://image.tmdb.org/t/p/w500/ljsZTbVsrQSqZgWeep2B1QiDKuh.jpg
71,Harry Potter and the Philosopher's Stone,2001,https://image.tmdb.org/t/p/w500/wuMc08IPKEatf9rnMNXvIDxqP4W.jpg
72,Jurassic World,2015,https://image.tmdb.org/t/p/w500/rhr4y79GpxQF9IsfJItRXVaoGs4.jpg
73,Fantastic Beasts and Where to Find Them,2016,https://image.tmdb.org/t/p/w500/fLsaFKExQt05yqjoAvKsmOMYvJR.jpg
74,Thor,2011,https://image.tmdb.org/t/p/w500/prSfAi1xGrhLQNxVSUFh61xQ4Qy.jpg
75,"Monsters, Inc.",2001,https://image.tmdb.org/t/p/w500/qjlbN6aK1qgeg3SspFVovT2D1Me.jpg
76,Batman v Superman: Dawn of Justice,2016,https://image.tmdb.org/t/p/w500/5UsK3grJvtQrtzEgqNlDljJW96w.jpg
77,It Follows,2014,https://image.tmdb.org/t/p/w500/iwnQ1JH1wdWrGYkgWySptJ5284A.jpg
78,Avatar,2009,https://image.tmdb.org/t/p/w500/kyeqWdyUXW608qlYkRqosgbbJyK.jpg
79,Good Will Hunting,1997,https://image.tmdb.org/t/p/w500/z2FnLKpFi1HPO7BEJxdkv6hpJSU.jpg
80,Toy Story 4,2019,https://image.tmdb.org/t/p/w500/w9kR8qbmQ01HwnvK4alvnQ2ca0L.jpg
81,Prisoners,2013,https://image.tmdb.org/t/p/w500/uhviyknTT5cEQXbn6vWIqfM4vGm.jpg
82,Iron Man 2,2010,https://image.tmdb.org/t/p/w500/6WBeq4fCfn7AN0o21W9qNcRF2l9.jpg
83,Harry Potter and the Deathly Hallows: Part 2,2011,https://image.tmdb.org/t/p/w500/c54HpQmuwXjHq2C9wmoACjxoom3.jpg
84,X-Men: Days of Future Past,2014,https://image.tmdb.org/t/p/w500/tYfijzolzgoMOtegh1Y7j2Enorg.jpg
85,Big Hero 6,2014,https://image.tmdb.org/t/p/w500/2mxS4wUimwlLmI1xp6QW6NSU361.jpg
86,The Lego Movie,2014,https://image.tmdb.org/t/p/w500/lbctonEnewCYZ4FYoTZhs8cidAl.jpg
87,The Perks of Being a Wallflower,2012,https://image.tmdb.org/t/p/w500/aKCvdFFF5n80P2VdS7d8YBwbCjh.jpg
88,Thor: The Dark World,2013,https://image.tmdb.org/t/p/w500/wD6g4EcmR6R3VNbuBmNOVq2qWrM.jpg
89,Toy Story 2,1999,https://image.tmdb.org/t/p/w500/yFWQkz2ynjwsazT6xQiIXEUsyuh.jpg
90,Skyfall,2012,https://image.tmdb.org/t/p/w500/d0IVecFQvsGdSbnMAHqiYsNYaJT.jpg
91,Venom,2018,https://image.tmdb.org/t/p/w500/2uNW4WbgBXL25BAbXGLnLqX71Sw.jpg
92,The Hunger Games,2012,https://image.tmdb.org/t/p/w500/yXCbOiVDCxO71zI7cuwBRXdftq8.jpg
93,Spider-Man 2,2004,https://image.tmdb.org/t/p/w500/aGuvNAaaZuWXYQQ6N2v7DeuP6mB.jpg
94,Harry Potter and the Chamber of Secrets,2002,https://image.tmdb.org/t/p/w500/sdEOH0992YZ0QSxgXNIGLq1ToUi.jpg
95,Spider-Man,2002,https://image.tmdb.org/t/p/w500/gh4cZbhZxyTbgxQPxD0dOudNPTn.jpg
96,Frozen,2013,https://image.tmdb.org/t/p/w500/m4uhSpErBKprhsclr0zynTYdupb.jpg
97,Bird Box,2018,https://image.tmdb.org/t/p/w500/rGfGfgL2pEPCfhIvqHXieXFn7gp.jpg
98,Harry Potter and the Goblet of Fire,2005,https://image.tmdb.org/t/p/w500/fECBtHlr0RB3foNHDiCBXeg9Bv9.jpg
99,Ferris Bueller's Day Off,1986,https://image.tmdb.org/t/p/w500/9LTQNCvoLsKXP0LtaKAaYVtRaQL.jpg
100,Harry Potter and the Deathly Hallows: Part 1,2010,https://image.tmdb.org/t/p/w500/iGoXIpQb7Pot00EEdwpwPajheZ5.jpg
101,Zombieland,2009,https://image.tmdb.org/t/p/w500/dUkAmAyPVqubSBNRjRqCgHggZcK.jpg
102,Harry Potter and the Order of the Phoenix,2007,https://image.tmdb.org/t/p/w500/5aOyriWkPec0zUDxmHFP9qMmBaj.jpg
103,It Chapter Two,2019,https://image.tmdb.org/t/p/w500/zfE0R94v1E8cuKAerbskfD3VfUt.jpg
104,Justice League,2017,https://image.tmdb.org/t/p/w500/eifGNCSDuxJeS1loAXil5bIGgvC.jpg
105,Harry Potter and the Half-Blood Prince,2009,https://image.tmdb.org/t/p/w500/z7uo9zmQdQwU5ZJHFpv2Upl30i1.jpg
106,The Great Gatsby,2013,https://image.tmdb.org/t/p/w500/nimh1rrDDLhgpG8XAYoUZXHYwb6.jpg
107,Man of Steel,2013,https://image.tmdb.org/t/p/w500/dksTL9NXc3GqPBRHYHcy1aIwjS.jpg
108,Shrek,2001,https://image.tmdb.org/t/p/w500/EKERKucZeBrkrR8xLDTkr5FeDc.jpg
109,The Hobbit: An Unexpected Journey,2012,https://image.tmdb.org/t/p/w500/yHA9Fc37VmpUA5UncTxxo3rTGVA.jpg
110,Home Alone,1990,https://image.tmdb.org/t/p/w500/onTSipZ8R3bliBdKfPtsDuHTdlL.jpg
111,Juno,2007,https://image.tmdb.org/t/p/w500/jNIn2tVhpvFD6P9IojldI3mNYcn.jpg
112,Pirates of the Caribbean: The Curse of the Black Pearl,2003,https://image.tmdb.org/t/p/w500/z8onk7LV9Mmw6zKz4hT6pzzvmvl.jpg
113,Ghostbusters,1984,https://image.tmdb.org/t/p/w500/7E8nLijS9AwwUEPu2oFYOVKhdFA.jpg
114,The Hunger Games: Catching Fire,2013,https://image.tmdb.org/t/p/w500/qdXXEFGuLLfMWa1DGEkWFUo8Zwd.jpg
115,Wreck-It Ralph,2012,https://image.tmdb.org/t/p/w500/zWoIgZ7mgmPkaZjG0102BSKFIqQ.jpg
116,Life of Pi,2012,https://image.tmdb.org/t/p/w500/iLgRu4hhSr6V1uManX6ukDriiSc.jpg
117,Pacific Rim,2013,https://image.tmdb.org/t/p/w500/mmznhaQDwlHWpUwKuNxtQiubbmM.jpg
118,Crazy Rich Asians,2018,https://image.tmdb.org/t/p/w500/1XxL4LJ5WHdrcYcihEZUCgNCpAW.jpg
119,Looper,2012,https://image.tmdb.org/t/p/w500/sNjL6SqErDBE8OUZlrDLkexfsCj.jpg
120,Mean Girls,2004,https://image.tmdb.org/t/p/w500/alKvY5LuVcXraRBfi5UtVV8Ii6Y.jpg
121,X-Men: First Class,2011,https://image.tmdb.org/t/p/w500/hNEokmUke0dazoBhttFN0o3L7Xv.jpg
122,The Conjuring,2013,https://image.tmdb.org/t/p/w500/wVYREutTvI2tmxr6ujrHT704wGF.jpg
123,21 Jump Street,2012,https://image.tmdb.org/t/p/w500/8v3Sqv9UcIUC4ebmpKWROqPBINZ.jpg
124,Beauty and the Beast,2017,https://image.tmdb.org/t/p/w500/hKegSKIDep2ewJWPUQD7u0KqFIp.jpg
125,X-Men: Apocalypse,2016,https://image.tmdb.org/t/p/w500/ikA8UhYdTGpqbatFa93nIf6noSr.jpg
126,The Amazing Spider-Man,2012,https://image.tmdb.org/t/p/w500/jexoNYnPd6vVrmygwF6QZmWPFdu.jpg
127,How to Train Your Dragon,2010,https://image.tmdb.org/t/p/w500/5MfK01Jpx6at2Q0bIxtwE6Cigmh.jpg
128,The Greatest Showman,2017,https://image.tmdb.org/t/p/w500/b9CeobiihCx1uG1tpw8hXmpi7nm.jpg
129,The Edge of Seventeen,2016,https://image.tmdb.org/t/p/w500/1LyFay8CGf8mhPRDrMe0ljWw9GK.jpg
130,The Princess Bride,1987,https://image.tmdb.org/t/p/w500/eOp2XmQpH6QYPfOVSQTSGoYABMc.jpg
131,Scream,1996,https://image.tmdb.org/t/p/w500/lr9ZIrmuwVmZhpZuTCW8D9g0ZJe.jpg
132,The Hobbit: The Desolation of Smaug,2013,https://image.tmdb.org/t/p/w500/xQYiXsheRCDBA39DOrmaw1aSpbk.jpg
133,The Theory of Everything,2014,https://image.tmdb.org/t/p/w500/kJuL37NTE51zVP3eG5aGMyKAIlh.jpg
134,The World's End,2013,https://image.tmdb.org/t/p/w500/kpglnOBYmKn0AkkWDzGxzKHDbds.jpg
135,Black Mirror: Bandersnatch,2018,https://image.tmdb.org/t/p/w500/fR0VZ0VE598zl1lrYf7IfBqEwQ2.jpg
136,Aladdin,1992,https://image.tmdb.org/t/p/w500/eLFfl7vS8dkeG1hKp5mwbm37V83.jpg
137,Back to the Future Part II,1989,https://image.tmdb.org/t/p/w500/YBawEsTkUZBDajKbd5LiHkmMGf.jpg
138,Casino Royale,2006,https://image.tmdb.org/t/p/w500/lMrxYKKhd4lqRzwUHAy5gcx9PSO.jpg
139,The Hangover,2009,https://image.tmdb.org/t/p/w500/A0uS9rHR56FeBtpjVki16M5xxSW.jpg
140,Kick-Ass,2010,https://image.tmdb.org/t/p/w500/iHMbrTHJwocsNvo5murCBw0CwTo.jpg
141,Coraline,2009,https://image.tmdb.org/t/p/w500/4jeFXQYytChdZYE9JYO7Un87IlW.jpg
142,Brave,2012,https://image.tmdb.org/t/p/w500/1XAuDtMWpL0sYSFK0R6EZate2Ux.jpg
143,Mulan,1998,https://image.tmdb.org/t/p/w500/bj3iSjLlkwHtJrPmvHXa8P7edI9.jpg
144,Tangled,2010,https://image.tmdb.org/t/p/w500/ym7Kst6a4uodryxqbGOxmewF235.jpg
145,Fantastic Beasts: The Crimes of Grindelwald,2018,https://image.tmdb.org/t/p/w500/fMMrl8fD9gRCFJvsx0SuFwkEOop.jpg
146,Spider-Man 3,2007,https://image.tmdb.org/t/p/w500/qFmwhVUoUSXjkKRmca5yGDEXBIj.jpg
147,The Hobbit: The Battle of the Five Armies,2014,https://image.tmdb.org/t/p/w500/xT98tLqatZPQApyRmlPL12LtiWp.jpg
148,Now You See Me,2013,https://image.tmdb.org/t/p/w500/tWsNYbrqy1p1w6K9zRk0mSchztT.jpg
149,The Amazing Spider-Man 2,2014,https://image.tmdb.org/t/p/w500/dGjoPttcbKR5VWg1jQuNFB247KL.jpg
150,Beauty and the Beast,1991,https://image.tmdb.org/t/p/w500/hUJ0UvQ5tgE2Z9WpfuduVSdiCiU.jpg
151,Lion,2016,https://image.tmdb.org/t/p/w500/iBGRbLvg6kVc7wbS8wDdVHq6otm.jpg
152,This Is the End,2013,https://image.tmdb.org/t/p/w500/7Wdc3etyBJA4432TYtz6n9GQd1c.jpg
153,World War Z,2013,https://image.tmdb.org/t/p/w500/aCnVdvExw6UWSeQfr0tUH3jr4qG.jpg
154,To All the Boys I've Loved Before,2018,https://image.tmdb.org/t/p/w500/hKHZhUbIyUAjcSrqJThFGYIR6kI.jpg
155,22 Jump Street,2014,https://image.tmdb.org/t/p/w500/850chzYHYbT3IISl6Q7dbBuFP2B.jpg
156,The Hunger Games: Mockingjay – Part 1,2014,https://image.tmdb.org/t/p/w500/2hTPkBiXoMmrdtYgHtB9WU5dg80.jpg
157,The Jungle Book,2016,
158,Monsters University,2013,https://image.tmdb.org/t/p/w500/y7thwJ7z5Bplv6vwl6RI0yteaDD.jpg
159,Godzilla,2014,https://image.tmdb.org/t/p/w500/zokD6uxR2iWfYM3Y84yGJvnNTK7.jpg
160,Shrek 2,2004,https://image.tmdb.org/t/p/w500/2yYP0PQjG8zVqturh1BAqu2Tixl.jpg
161,Charlie and the Chocolate Factory,2005,https://image.tmdb.org/t/p/w500/iKP6wg3c6COUe8gYutoGG7qcPnO.jpg
162,Men in Black,1997,https://image.tmdb.org/t/p/w500/uLOmOF5IzWoyrgIF5MfUnh5pa1X.jpg
163,Clueless,1995,https://image.tmdb.org/t/p/w500/8AwVTcgpTnmeOs4TdTWqcFDXEsA.jpg
164,The Pianist,2002,https://image.tmdb.org/t/p/w500/2hFvxCCWrTmCYwfy7yum0GKRi3Y.jpg
165,Easy A,2010,https://image.tmdb.org/t/p/w500/v5f1qO6NJnxWgONgkYg21TW39DT.jpg
166,Les Misérables,2012,https://image.tmdb.org/t/p/w500/6CuzBs2Lb8At7qQr64mLXg2RYRb.jpg
167,X-Men,2000,https://image.tmdb.org/t/p/w500/vF02RqXLgtmpJM5CRLSuvN3fVHi.jpg
168,The Lion King,2019,
169,It's a Wonderful Life,1946,https://image.tmdb.org/t/p/w500/bSqt9rhDZx1Q7UZ86dBPKdNomp2.jpg
170,The Devil Wears Prada,2006,https://image.tmdb.org/t/p/w500/OfFMqWQDZ4SlLtHiofyRoLjXdX.jpg
171,Hugo,2011,https://image.tmdb.org/t/p/w500/1dxRq3o3l3bVWNRvvSb7rRf68qp.jpg
172,About Time,2013,https://image.tmdb.org/t/p/w500/iR1bVfURbN7r1C46WHFbwCkVve.jpg
173,Lucy,2014,https://image.tmdb.org/t/p/w500/kRbpUTRNm6QbLQFPFWUcNC4czEm.jpg
174,Me and Earl and the Dying Girl,2015,https://image.tmdb.org/t/p/w500/eLjS2bLMjln2n2I73Xu6TaANPDZ.jpg
175,A Simple Favor,2018,https://image.tmdb.org/t/p/w500/5EJWZQ8dh99hfgXP9zAD5Ak5Hrn.jpg
176,The Wizard of Oz,1939,https://image.tmdb.org/t/p/w500/pfAZFD7I2hxW9HCChTuAzsdE6UX.jpg
177,Mamma Mia!,2008,https://image.tmdb.org/t/p/w500/zdUA4FNHbXPadzVOJiU0Rgn6cHR.jpg
178,Pirates of the Caribbean: Dead Man's Chest,2006,https://image.tmdb.org/t/p/w500/lAhcKRt0ggTFkeFL95jrGQYaRXs.jpg
179,The Hunger Games: Mockingjay – Part 2,2015,https://image.tmdb.org/t/p/w500/7uLJCuK0ufoDklUdOORC8XanOKw.jpg
180,"Crazy, Stupid, Love.",2011,https://image.tmdb.org/t/p/w500/p4RafgAPk558muOjnBMHhMArjS2.jpg
181,A Beautiful Mind,2001,https://image.tmdb.org/t/p/w500/rEIg5yJdNOt9fmX4P8gU9LeNoTQ.jpg
182,Aladdin,2019,https://image.tmdb.org/t/p/w500/ykUEbfpkf8d0w49pHh0AD2KrT52.jpg
183,Passengers,2016,https://image.tmdb.org/t/p/w500/oZpdONg32luHu0g8HcysuPgSlIK.jpg
184,Cars,2006,https://image.tmdb.org/t/p/w500/2Touk3m5gzsqr1VsvxypdyHY5ci.jpg
185,Ted,2012,https://image.tmdb.org/t/p/w500/1QVZXQQHCEIj8lyUhdBYd2qOYtq.jpg
186,Ghostbusters,2016,https://image.tmdb.org/t/p/w500/wJmWliwXIgZOCCVOcGRBhce7xPS.jpg
187,Mamma Mia! Here We Go Again,2018,https://image.tmdb.org/t/p/w500/aWicerX4Y7n7tUwRAVHsVcBBpj2.jpg
188,Despicable Me,2010,https://image.tmdb.org/t/p/w500/9lOloREsAhBu0pEtU0BgeR1rHyo.jpg
189,Paddington,2014,https://image.tmdb.org/t/p/w500/wpchRGhRhvhtU083PfX2yixXtiw.jpg
190,Alice in Wonderland,2010,https://image.tmdb.org/t/p/w500/o0kre9wRCZz3jjSjaru7QU0UtFz.jpg
191,Back to the Future Part III,1990,https://image.tmdb.org/t/p/w500/crzoVQnMzIrRfHtQw0tLBirNfVg.jpg
192,Love Actually,2003,https://image.tmdb.org/t/p/w500/7QPeVsr9rcFU9Gl90yg0gTOTpVv.jpg
193,A Bug's Life,1998,https://image.tmdb.org/t/p/w500/Ah3J9OJVc2CNCuH2zMydXy9fmIC.jpg
194,Pitch Perfect,2012,https://image.tmdb.org/t/p/w500/cUjjK6tTrugybsBbIQlV6VTd0aK.jpg
195,Sausage Party,2016,https://image.tmdb.org/t/p/w500/vNgdPJQ5CI60oEiiHLKRNrsDhMy.jpg
196,Kung Fu Panda,2008,https://image.tmdb.org/t/p/w500/wWt4JYXTg5Wr3xBW2phBrMKgp3x.jpg
197,Maleficent,2014,https://image.tmdb.org/t/p/w500/bDG3yei6AJlEAK3A5wN7RwFXQ7V.jpg
198,Happy Death Day,2017,https://image.tmdb.org/t/p/w500/hcCX4zqu5b8v7DuDCJGcmI3MmlA.jpg
199,How to Train Your Dragon 2,2014,https://image.tmdb.org/t/p/w500/d13Uj86LdbDLrfDoHR5aDOFYyJC.jpg
200,Captain Phillips,2013,https://image.tmdb.org/t/p/w500/gAH73mMU7rgGZrpYkFYgFgSNHs5.jpg
201,Grease,1978,https://image.tmdb.org/t/p/w500/czVhhAaSBFpakur7U8pOIDV9NUG.jpg
202,Elf,2003,https://image.tmdb.org/t/p/w500/oOleziEempUPu96jkGs0Pj6tKxj.jpg
203,Bridesmaids,2011,https://image.tmdb.org/t/p/w500/gJtA7hYsBMQ7EM3sPBMUdBfU7a0.jpg
204,The Little Mermaid,1989,https://image.tmdb.org/t/p/w500/plcZXvI310FkbwIptvd6rqk63LP.jpg
205,The Emperor's New Groove,2000,https://image.tmdb.org/t/p/w500/xU635vn1lMD9DWDloeuKmuhxxnQ.jpg
206,The Help,2011,https://image.tmdb.org/t/p/w500/3kmfoWWEc9Vtyuaf9v5VipRgdjx.jpg
207,The Fault in Our Stars,2014,https://image.tmdb.org/t/p/w500/ep7dF4QR4Mm39LI958V0XbwE0hK.jpg
208,The Virgin Suicides,1999,https://image.tmdb.org/t/p/w500/1NCQtXPQnaHRjOZVmktA9BSM35F.jpg
209,Hercules,1997,https://image.tmdb.org/t/p/w500/dK9rNoC97tgX3xXg5zdxFisdfcp.jpg
210,Lilo & Stitch,2002,https://image.tmdb.org/t/p/w500/d73UqZWyw3MUMpeaFcENgLZ2kWS.jpg
211,The Intouchables,2011,https://image.tmdb.org/t/p/w500/1QU7HKgsQbGpzsJbJK4pAVQV9F5.jpg
212,The Conjuring 2,2016,https://image.tmdb.org/t/p/w500/zEqyD0SBt6HL7W9JQoWwtd5Do1T.jpg
213,Tomb Raider,2018,https://image.tmdb.org/t/p/w500/s4Qn5LF6OwK4rIifmthIDtbqDSs.jpg
214,Independence Day,1996,https://image.tmdb.org/t/p/w500/p0BPQGSPoSa8Ml0DAf2mB2kCU0R.jpg
215,Dark Phoenix,2019,https://image.tmdb.org/t/p/w500/cCTJPelKGLhALq3r51A9uMonxKj.jpg
216,Ice Age,2002,https://image.tmdb.org/t/p/w500/gLhHHZUzeseRXShoDyC4VqLgsNv.jpg
217,Transformers,2007,https://image.tmdb.org/t/p/w500/lkZ9gqCEjzX85lKR6Jjd1uGAXNp.jpg
218,Twilight,2008,https://image.tmdb.org/t/p/w500/3Gkb6jm6962ADUPaCBqzz9CTbn9.jpg
219,The Maze Runner,2014,https://image.tmdb.org/t/p/w500/ode14q7WtDugFDp78fo9lCsmay9.jpg
220,Pride & Prejudice,2005,https://image.tmdb.org/t/p/w500/sGjIvtVvTlWnia2zfJfHz81pZ9Q.jpg
221,The Interview,2014,https://image.tmdb.org/t/p/w500/tIDC4xT65l7a8qbgg8GvwD5g8c5.jpg
222,"The Chronicles of Narnia: The Lion, the Witch and the Wardrobe",2005,https://image.tmdb.org/t/p/w500/iREd0rNCjYdf5Ar0vfaW32yrkm.jpg
223,The Notebook,2004,https://image.tmdb.org/t/p/w500/rNzQyW4f8B8cQeg7Dgj3n6eT5k9.jpg
224,The Simpsons Movie,2007,https://image.tmdb.org/t/p/w500/gzb6P78zeFTnv9eoFYnaJ2YrZ5q.jpg
225,Home Alone 2: Lost in New York,1992,https://image.tmdb.org/t/p/w500/uuitWHpJwxD1wruFl2nZHIb4UGN.jpg
226,X-Men Origins: Wolverine,2009,https://image.tmdb.org/t/p/w500/yj8LbTju1p7CUJg7US2unSBk33s.jpg
227,Atonement,2007,https://image.tmdb.org/t/p/w500/hMRIyBjPzxaSXWM06se3OcNjIQa.jpg
228,Willy Wonka & the Chocolate Factory,1971,https://image.tmdb.org/t/p/w500/xL2GISX0MODJfpHrMdLdZF6xWgW.jpg
229,Neighbors,2014,https://image.tmdb.org/t/p/w500/sN1RU08CMi8xkRIibremh3AOdgw.jpg
230,The Sound of Music,1965,https://image.tmdb.org/t/p/w500/5qQTu2iGTiQ2UvyGp0beQAZ2rKx.jpg
231,Night at the Museum,2006,https://image.tmdb.org/t/p/w500/pDsAAYf6Zn0yiAGJ6lYGs6hoZ4E.jpg
232,Romeo + Juliet,1996,https://image.tmdb.org/t/p/w500/eLf4jclPijOqfEp6bDAmezRFxk5.jpg
233,How to Train Your Dragon: The Hidden World,2019,https://image.tmdb.org/t/p/w500/xvx4Yhf0DVH8G4LzNISpMfFBDy2.jpg
234,Hush,2016,https://image.tmdb.org/t/p/w500/zHzBTd502IZf60x8n2g0TB01vPF.jpg
235,Snow White and the Seven Dwarfs,1937,https://image.tmdb.org/t/p/w500/3VAHfuNb6Z7UiW12iYKANSPBl8m.jpg
236,Valerian and the City of a Thousand Planets,2017,https://image.tmdb.org/t/p/w500/vlc95gl3PtrjxSEuM8RhTtSm2xU.jpg
237,Total Recall,1990,https://image.tmdb.org/t/p/w500/wVbeL6fkbTKSmNfalj4VoAUUqJv.jpg
238,Taken,2008,https://image.tmdb.org/t/p/w500/y5Va1WXDX6nZElVirPrGxf6w99B.jpg
239,The Girl on the Train,2016,https://image.tmdb.org/t/p/w500/fuegX3vfvthTiI6GDDuXrwOT5XN.jpg
240,Madagascar,2005,https://image.tmdb.org/t/p/w500/zMpJY5CJKUufG9OTw0In4eAFqPX.jpg
241,Wonder,2017,https://image.tmdb.org/t/p/w500/sONh3LYGFcVDTy8pm1tbSOB13Li.jpg
242,Elysium,2013,https://image.tmdb.org/t/p/w500/uiiXHBd9oUrtUa4YqZiAoy05cRz.jpg
243,Tarzan,1999,https://image.tmdb.org/t/p/w500/bTvHlcqiOjGa3lFtbrTLTM3zasY.jpg
244,The Purge,2013,https://image.tmdb.org/t/p/w500/46X1ei9uf13nkkr0OhWldGyr5Uh.jpg
245,Mr. & Mrs. Smith,2005,https://image.tmdb.org/t/p/w500/kjD700RtyhveN3ZbOnSvUSne0Qj.jpg
246,Rango,2011,https://image.tmdb.org/t/p/w500/A5MP1guV8pbruieG0tnpPIbaJtt.jpg
247,Zoolander,2001,https://image.tmdb.org/t/p/w500/1IOLMlNKSoo3FToVGYV1PjE3ehn.jpg
248,Mary Poppins,1964,https://image.tmdb.org/t/p/w500/ei8hhYCMfURfPOXKBnyl61be2iV.jpg
249,Despicable Me 2,2013,https://image.tmdb.org/t/p/w500/oyMPJJZoOpLHgJoFPUOn6DgkbWJ.jpg
250,We're the Millers,2013,https://image.tmdb.org/t/p/w500/yNJreiR2PuiGwsWWJC7cWpgXwCL.jpg
251,Legally Blonde,2001,https://image.tmdb.org/t/p/w500/9ohlMrJHQqKhfUKh7Zr3JQqHNLZ.jpg
252,Now You See Me 2,2016,https://image.tmdb.org/t/p/w500/A81kDB6a1K86YLlcOtZB27jriJh.jpg
253,The Secret Life of Pets,2016,https://image.tmdb.org/t/p/w500/5f8rTQq42nQVGGes9SCV9AnD0II.jpg
254,Pocahontas,1995,https://image.tmdb.org/t/p/w500/wpwFGXyvNAWrM6LCHUb2VUgkopw.jpg
255,How the Grinch Stole Christmas,2000,https://image.tmdb.org/t/p/w500/52EpMoLTTbKAkM6rSrnNHV2mpLF.jpg
256,Panic Room,2002,https://image.tmdb.org/t/p/w500/7BabiNfuSycl58M9Cgl3Nf97n1F.jpg
257,The Adventures of Tintin,2011,https://image.tmdb.org/t/p/w500/fQZ3sLR1Fi63NMsNRbjm9q5qODJ.jpg
258,Divergent,2014,https://image.tmdb.org/t/p/w500/aNh4Q3iuPKDMPi2SL7GgOpiLukX.jpg
259,Men in Black 3,2012,https://image.tmdb.org/t/p/w500/90DdoEStzeObs96fsYf4GG544iN.jpg
260,Pinocchio,1940,https://image.tmdb.org/t/p/w500/bnZJrLRnoQHpzEJdka1KYfsAF3N.jpg
261,Pretty Woman,1990,https://image.tmdb.org/t/p/w500/hVHUfT801LQATGd26VPzhorIYza.jpg
262,Blockers,2018,https://image.tmdb.org/t/p/w500/uvlUQXg0AlpGzKukO11K7QtW3Yu.jpg
263,Lolita,1962,https://image.tmdb.org/t/p/w500/8Puqbeh0D95DpXFWep1rmH78btu.jpg
264,Fantasia,1940,https://image.tmdb.org/t/p/w500/5m9njnidjR0syG2gpVPVgcEMB2X.jpg
265,Nerve,2016,https://image.tmdb.org/t/p/w500/qmSpHC0CSNyNll9WhlwWYuwoQ28.jpg
266,The Pursuit of Happyness,2006,https://image.tmdb.org/t/p/w500/lBYOKAMcxIvuk9s9hMuecB9dPBV.jpg
267,The Polar Express,2004,https://image.tmdb.org/t/p/w500/e2UJ2Y67txlNVGSRU04emZ3GDQw.jpg
268,Megamind,2010,https://image.tmdb.org/t/p/w500/uZ9ytt3sPTx62XTfN56ILSuYWRe.jpg
269,"Girl, Interrupted",1999,https://image.tmdb.org/t/p/w500/dOBdatHIVppvmRFw2z7bf9VKJr9.jpg
270,Shrek the Third,2007,https://image.tmdb.org/t/p/w500/n4SexGGQzI26E269tfpa80MZaGV.jpg
271,Cinderella,2015,https://image.tmdb.org/t/p/w500/j91LJmcWo16CArFOoapsz84bwxb.jpg
272,Matilda,1996,https://image.tmdb.org/t/p/w500/wYoDpWInsBEVSmWStnRH06ddoyk.jpg
273,Horrible Bosses,2011,https://image.tmdb.org/t/p/w500/uQkUwgyFHAm0jGQERPG6Z9o9Zbj.jpg
274,Fantastic Four,2005,https://image.tmdb.org/t/p/w500/4YMcYEFS8sFuW3soP1HVmgR3cSm.jpg
275,Alice in Wonderland,1951,https://image.tmdb.org/t/p/w500/20cvfwfaFqNbe9Fc3VEHJuPRxmn.jpg
276,Cloudy with a Chance of Meatballs,2009,https://image.tmdb.org/t/p/w500/qhOhIKf7QEyQ5dMrRUqs5eTX1Oq.jpg
277,Mrs. Doubtfire,1993,https://image.tmdb.org/t/p/w500/shHrSmXS5140o6sQzgzXxn3KqSm.jpg
278,The Shallows,2016,https://image.tmdb.org/t/p/w500/bnBV7hZmLuA0Si5Aop481sPF2RY.jpg
279,Step Brothers,2008,https://image.tmdb.org/t/p/w500/wRR6U3K3v2iQsG3uw7ehz1ctRyT.jpg
280,Bambi,1942,https://image.tmdb.org/t/p/w500/wV9e2y4myJ4KMFsyFfWYcUOawyK.jpg
281,The Jungle Book,1967,https://image.tmdb.org/t/p/w500/7a6VJd4TXNrTlY6MDvZL1kqPVg7.jpg
282,The Hangover Part II,2011,https://image.tmdb.org/t/p/w500/7sGkjqorTHkaHTz8Q4WWHj8JL9t.jpg
283,Chicken Run,2000,https://image.tmdb.org/t/p/w500/8XgmIsbpVamdhwcNVsYzohFZTtT.jpg
284,Miss Peregrine's Home for Peculiar Children,2016,https://image.tmdb.org/t/p/w500/CIlbMFOfYDj0MP23hsIYhFGrL6.jpg
285,Men in Black II,2002,https://image.tmdb.org/t/p/w500/enA22EPyzc2WQ1VVyY7zxresQQr.jpg
286,The Princess and the Frog,2009,https://image.tmdb.org/t/p/w500/v6nAUs62OJ4DXmnnmPFeVmMz8H9.jpg
287,The Good Dinosaur,2015,https://image.tmdb.org/t/p/w500/8RSkxOO80btfKjyiC5ZiTaCHIT8.jpg
288,Warm Bodies,2013,https://image.tmdb.org/t/p/w500/8XAX6KaqNGcLXcwoDwxyU0bxhxm.jpg
289,Kick-Ass 2,2013,https://image.tmdb.org/t/p/w500/1go2A3gdQjaMuHWquybgoJlQRcX.jpg
290,Hancock,2008,https://image.tmdb.org/t/p/w500/7DyuV2G0hLEqHeueDfOqhZ2DVut.jpg
291,Into the Woods,2014,https://image.tmdb.org/t/p/w500/pf0TdnITu380Zp8DMQx0jcwDsAS.jpg
292,13 Going on 30,2004,https://image.tmdb.org/t/p/w500/iNZdSIfhSCMtRILDNyhLn8UKeSG.jpg
293,Dumbo,1941,https://image.tmdb.org/t/p/w500/hKDdllslMtsU9JixAv5HR9biXlp.jpg
294,National Treasure,2004,https://image.tmdb.org/t/p/w500/pxL6E4GBOPUG6CdkO9cUQN5VMwI.jpg
295,The Princess Diaries,2001,https://image.tmdb.org/t/p/w500/wA4lgl8gmoICSShviCkEB61nIBB.jpg
296,50 First Dates,2004,https://image.tmdb.org/t/p/w500/5NxTW4SS6aUKZYnbQzh7UYNivd.jpg
297,Pitch Perfect 2,2015,https://image.tmdb.org/t/p/w500/fQaEGzFmvTYu3G641WV0Tg9auAt.jpg
298,The Nun,2018,https://image.tmdb.org/t/p/w500/sFC1ElvoKGdHJIWRpNB3xWJ9lJA.jpg
299,Bright,2017,https://image.tmdb.org/t/p/w500/whkT53Sv2vKAUiknQ13pqcWaPXB.jpg
300,The Hunchback of Notre Dame,1996,https://image.tmdb.org/t/p/w500/7k0fr2xLCTChjN8MnGNThTP9uEB.jpg
301,A Monster Calls,2016,https://image.tmdb.org/t/p/w500/vNzWJwVqjszWwXrA7ZfsrJmhgV9.jpg
302,2012,2009,https://image.tmdb.org/t/p/w500/zaqam2RNscH5ooYFWInV6hjx6y5.jpg
303,Me Before You,2016,https://image.tmdb.org/t/p/w500/Ia3dzj5LnCj1ZBdlVeJrbKJQxG.jpg
304,The Blind Side,2009,https://image.tmdb.org/t/p/w500/bMgq7VBriuBFknXEe9E9pVBYGZq.jpg
305,Peter Pan,1953,https://image.tmdb.org/t/p/w500/fJJOs1iyrhKfZceANxoPxPwNGF1.jpg
306,Minions,2015,https://image.tmdb.org/t/p/w500/dr02BdCNAUPVU07aOodwPYv6HCf.jpg
307,Enchanted,2007,https://image.tmdb.org/t/p/w500/8KCNzCArLlvLdQoHx6npua2VSVc.jpg
308,The Parent Trap,1998,https://image.tmdb.org/t/p/w500/dNqgjqxHIdfsQRQL5XTujNfX9pj.jpg
309,Forgetting Sarah Marshall,2008,https://image.tmdb.org/t/p/w500/d4elOzyhNWVlxpG7BwigrumkFTe.jpg
310,One Hundred and One Dalmatians,1961,https://image.tmdb.org/t/p/w500/mRY84MJeWKnp9joev82QtslJFvk.jpg
311,Tomorrowland,2015,https://image.tmdb.org/t/p/w500/kziYpr5Nfw60P0My8aj1sgCEqed.jpg
312,Sixteen Candles,1984,https://image.tmdb.org/t/p/w500/hgIDeDxu21fxoqfvBKMN0K7pLmU.jpg
313,Bridget Jones's Diary,2001,https://image.tmdb.org/t/p/w500/dkauRl9TosBFikftrC3OVcKWDoz.jpg
314,Notting Hill,1999,https://image.tmdb.org/t/p/w500/hHRIf2XHeQMbyRb3HUx19SF5Ujw.jpg
315,Dumbo,2019,https://image.tmdb.org/t/p/w500/kTF2omZq1izOeplnnSACxhs4NLF.jpg
316,Hocus Pocus,1993,https://image.tmdb.org/t/p/w500/by4D4Q9NlUjFSEUA1yrxq6ksXmk.jpg
317,Baywatch,2017,https://image.tmdb.org/t/p/w500/6HE4xd8zloDqmjMZuhUCCw2UcY1.jpg
318,Power Rangers,2017,https://image.tmdb.org/t/p/w500/bKYKyyIv5YnisxjZtDreWtYA386.jpg
319,Jupiter Ascending,2015,https://image.tmdb.org/t/p/w500/z8dXSSadzpfTF2wHQlREkuB4d5y.jpg
320,Sing,2016,https://image.tmdb.org/t/p/w500/zZTlF2eVVUkbdmccd3bNUU9T9sD.jpg
321,Knocked Up,2007,https://image.tmdb.org/t/p/w500/b4OaXw2MW97VvIiZE0Sbn1NfxSh.jpg
322,The Boy in the Striped Pyjamas,2008,https://image.tmdb.org/t/p/w500/sLwYSEVVV3r047cjrpRAbGgNsfL.jpg
323,Lemony Snicket's A Series of Unfortunate Events,2004,https://image.tmdb.org/t/p/w500/76Xi8z7Whv5WFIdfzzvC5tKSicd.jpg
324,Transformers: Revenge of the Fallen,2009,https://image.tmdb.org/t/p/w500/pLBb0whOzVDtJvyD4DPeQyQNOqp.jpg
325,Cinderella,1950,https://image.tmdb.org/t/p/w500/4nssBcQUBadCTBjrAkX46mVEKts.jpg
326,Fifty Shades of Grey,2015,https://image.tmdb.org/t/p/w500/63kGofUkt1Mx0SIL4XI4Z5AoSgt.jpg
327,Bee Movie,2007,https://image.tmdb.org/t/p/w500/rYBaXgvTKFS8iZC7Wr8SMomSauQ.jpg
328,Scary Movie,2000,https://image.tmdb.org/t/p/w500/fVQFPRuw3yWXojYDJvA5EoFjUOY.jpg
329,Scooby-Doo,2002,https://image.tmdb.org/t/p/w500/mTAiBJGg8mqEfnYHHbi37ZoRSZm.jpg
330,Meet the Parents,2000,https://image.tmdb.org/t/p/w500/5tXJ9ctuyEOMUFLaeqRisbXowWs.jpg
331,Kung Fu Panda 2,2011,https://image.tmdb.org/t/p/w500/mtqqD00vB4PGRt20gWtGqFhrkd0.jpg
332,The Babysitter,2017,https://image.tmdb.org/t/p/w500/86a7GRVRCwfl7wdI4QadyvKa6Zu.jpg
333,The Other Guys,2010,https://image.tmdb.org/t/p/w500/wNEHNqo3MgHmj3BUiPSqqq5czcm.jpg
334,Isn't It Romantic,2019,https://image.tmdb.org/t/p/w500/5xNBYXuv8wqiLVDhsfqCOr75DL7.jpg
335,High School Musical,2006,https://image.tmdb.org/t/p/w500/bg1eLo2OjySRYKaTO89ZDsqUcJ4.jpg
336,Big Eyes,2014,https://image.tmdb.org/t/p/w500/203HAjJcLMl7xThcTqZx4zmEGcV.jpg
337,Sleeping Beauty,1959,https://image.tmdb.org/t/p/w500/dK4OZwFFxnfK7MvqfVqw94mavL7.jpg
338,Hotel Transylvania,2012,https://image.tmdb.org/t/p/w500/3sKT6vtydJ4DkTJtdP5pvfpPa0n.jpg
339,Cars 2,2011,https://image.tmdb.org/t/p/w500/okIz1HyxeVOMzYwwHUjH2pHi74I.jpg
340,Friends with Benefits,2011,https://image.tmdb.org/t/p/w500/nKhhDFCdzxeJ3GUunQ570LDpUkz.jpg
341,Transformers: Dark of the Moon,2011,https://image.tmdb.org/t/p/w500/28YlCLrFhONteYSs9hKjD1Km0Cj.jpg
342,War Dogs,2016,https://image.tmdb.org/t/p/w500/mDcPRjZC1bb6LavFU3gwsWdVfCM.jpg
343,Bao,2018,https://image.tmdb.org/t/p/w500/tKz7XRXvdy1i7pW4eotaWZSrAx2.jpg
344,Shark Tale,2004,https://image.tmdb.org/t/p/w500/r08DpyPyhXcJTfNZAICNGMzcQ8l.jpg
345,Fantastic Four,2015,https://image.tmdb.org/t/p/w500/4QIPHyUjmNKOdNn9W8MfsPrp7xr.jpg
346,Lady and the Tramp,1955,https://image.tmdb.org/t/p/w500/340NcWz9SQXWQyf4oicMxjbrLOb.jpg
347,Dark Shadows,2012,https://image.tmdb.org/t/p/w500/fd9Ck4cxVlmtXsbeGtQW7WFuUFI.jpg
348,Gone Baby Gone,2007,https://image.tmdb.org/t/p/w500/wZR1dvctqODqNGv6LJBEj6DQ2zK.jpg
349,Bolt,2008,https://image.tmdb.org/t/p/w500/v5aC4nrzXFGJDWY4JO1eengXzqk.jpg
350,Liar Liar,1997,https://image.tmdb.org/t/p/w500/p1habYSdC7oD3WygQ5lynU5G5rV.jpg
351,Death Note,2017,https://image.tmdb.org/t/p/w500/8xRQ0KG9ZZzjEiFa5fgEaTKhc0d.jpg
352,Palo Alto,2013,https://image.tmdb.org/t/p/w500/yjcwwYP3eSigxLKKVBoVVz85ZWv.jpg
353,Neighbors 2: Sorority Rising,2016,https://image.tmdb.org/t/p/w500/gu3PEiV2uEUXYWbmg1Oiw21Waa.jpg
354,Oz the Great and Powerful,2013,https://image.tmdb.org/t/p/w500/tkzfAUEKoUp4YFNbZV9hfpZOz0z.jpg
355,Transformers: Age of Extinction,2014,https://image.tmdb.org/t/p/w500/jyzrfx2WaeY60kYZpPYepSjGz4S.jpg
356,The Hangover Part III,2013,https://image.tmdb.org/t/p/w500/vtxuPWkdllLNLVyGjKYa267ntuH.jpg
357,The Impossible,2012,https://image.tmdb.org/t/p/w500/k0DLCiDbnYywOHiISALbl2EH2NE.jpg
358,Krampus,2015,https://image.tmdb.org/t/p/w500/mzPCU6xQ2XQmD76cDVZPm5PZAaS.jpg
359,The Boss Baby,2017,https://image.tmdb.org/t/p/w500/unPB1iyEeTBcKiLg8W083rlViFH.jpg
360,Set It Up,2018,https://image.tmdb.org/t/p/w500/7omfwqiiMld9EnUps3Uk9YZLy6g.jpg
361,Maniac,2018,https://image.tmdb.org/t/p/w500/7DFKFA7EkBNZAR6fpkvxdroAwle.jpg
362,Everest,2015,https://image.tmdb.org/t/p/w500/4xmndWnTYTE4bDdlWrkZyaGcZlo.jpg
363,Gifted,2017,https://image.tmdb.org/t/p/w500/7YB2YrMwIm1g8FyZtlvmVDfRnAT.jpg
364,Paul,2011,https://image.tmdb.org/t/p/w500/e57pNjhWbRos9BTvgeUYUzB8VfO.jpg
365,Shrek Forever After,2010,https://image.tmdb.org/t/p/w500/6HrfPZtKcGmX2tUWW3cnciZTaSD.jpg
366,Cars 3,2017,https://image.tmdb.org/t/p/w500/fyy1nDC8wm553FCiBDojkJmKLCs.jpg
367,Independence Day: Resurgence,2016,https://image.tmdb.org/t/p/w500/9S50foUIYGwiNPWOxi1WJF6IPwI.jpg
368,Maze Runner: The Scorch Trials,2015,https://image.tmdb.org/t/p/w500/mYw7ZyejqSCPFlrT2jHZOESZDU3.jpg
369,Murder Mystery,2019,https://image.tmdb.org/t/p/w500/bSMSO9xupd4R4vwTPqigHn2quLN.jpg
370,The Muppets,2011,https://image.tmdb.org/t/p/w500/3bV4esUPbEbT5RydgHRXBSwXW44.jpg
371,The Purge: Anarchy,2014,https://image.tmdb.org/t/p/w500/qwqHHZLZSUvMkAMQ47ymtfjEifY.jpg
372,Snow White and the Huntsman,2012,https://image.tmdb.org/t/p/w500/8yKdQHaqOo1lkaErmqMuYFespYI.jpg
373,Central Intelligence,2016,https://image.tmdb.org/t/p/w500/7Ou0TRJLi72AwLEUlo7Kym4XuNB.jpg
374,The Dictator,2012,https://image.tmdb.org/t/p/w500/n0W7kajF4GFMRk2c0wWwMQqTaDM.jpg
376,The Purge: Election Year,2016,https://image.tmdb.org/t/p/w500/gg7tlp45xqGWMra0sqQVPvybje2.jpg
377,The Circle,2017,https://image.tmdb.org/t/p/w500/bQVqd5rWrx5GbXhJNuvKy4Viz6j.jpg
378,The Twilight Saga: Breaking Dawn – Part 2,2012,https://image.tmdb.org/t/p/w500/7IGdPaKujv0BjI0Zd0m0a4CzEjJ.jpg
379,Maze Runner: The Death Cure,2018,https://image.tmdb.org/t/p/w500/drbERzlA4cuRWhsTXfFOY4mRR4f.jpg
380,Paper Towns,2015,https://image.tmdb.org/t/p/w500/eoF6wYVj1vbrCWjL0rBkdZpgrxS.jpg
381,"Love, Rosie",2014,https://image.tmdb.org/t/p/w500/rpD0t7DhzJVadnzgxSYrqljQTL2.jpg
382,Carrie,2013,https://image.tmdb.org/t/p/w500/kloXz9qwO23z9Kbt3z3MgnjF4xO.jpg
383,Ender's Game,2013,https://image.tmdb.org/t/p/w500/vmd3CNeG2B9FXsit61oc7oxabej.jpg
384,Sierra Burgess Is a Loser,2018,https://image.tmdb.org/t/p/w500/vjnHRySiVM4YcBYzjCxw344y9g.jpg
385,Rise of the Guardians,2012,https://image.tmdb.org/t/p/w500/sW4qOa9yF0Ikg7lppncQ0n5UhKX.jpg
386,San Andreas,2015,https://image.tmdb.org/t/p/w500/2Gfjn962aaFSD6eST6QU3oLDZTo.jpg
387,The Spy Who Dumped Me,2018,https://image.tmdb.org/t/p/w500/szEKivKPOdRyogROoQIldwbMl.jpg
388,Kung Fu Panda 3,2016,https://image.tmdb.org/t/p/w500/oajNi4Su39WAByHI6EONu8G8HYn.jpg
389,Dumplin',2018,https://image.tmdb.org/t/p/w500/xJAB1HrFUuOf2VkWPaZ4N2DACCo.jpg
390,Percy Jackson & the Olympians: The Lightning Thief,2010,https://image.tmdb.org/t/p/w500/brzpTyZ5bnM7s53C1KSk1TmrMO6.jpg
392,The Twilight Saga: Breaking Dawn – Part 1,2011,https://image.tmdb.org/t/p/w500/qs8LsHKYlVRmJbFUiSUhhRAygwj.jpg
393,The Woman in Black,2012,https://image.tmdb.org/t/p/w500/nghQnDZE4EsQJ4J4zxR3UqItTpO.jpg
394,Despicable Me 3,2017,https://image.tmdb.org/t/p/w500/6t3YWl7hrr88lCEFlGVqW5yV99R.jpg
395,Love & Other Drugs,2010,https://image.tmdb.org/t/p/w500/wZLM2uKJRYNchLmiCIjosX0rXy8.jpg
396,Bad Moms,2016,https://image.tmdb.org/t/p/w500/u9q10ljhkLj0tNCjlVqe3DCjoU4.jpg
397,War Horse,2011,https://image.tmdb.org/t/p/w500/3aRHhvvngFPJFy5uAjo7GVr3PhL.jpg
398,Pitch Perfect 3,2017,https://image.tmdb.org/t/p/w500/v4tbRRX0OSOHcgz2869rEjcBwOJ.jpg
399,Focus,2015,https://image.tmdb.org/t/p/w500/lOzGWjceYTd0kd5HyX7Ch46O9kh.jpg
400,Insurgent,2015,https://image.tmdb.org/t/p/w500/dP5Fb6YRfzmCQtRbHOr2kO7tJW9.jpg
401,The Fundamentals of Caring,2016,https://image.tmdb.org/t/p/w500/zZ0eda1GyHILNSoq9KF5u0hcq6O.jpg
402,Ted 2,2015,https://image.tmdb.org/t/p/w500/38C91I7Xft0gyY7BITm8i4yvuRb.jpg
403,Project X,2012,https://image.tmdb.org/t/p/w500/lUPDGT3lyRrq8SvWuNWG2DP64bR.jpg
404,The Age of Adaline,2015,https://image.tmdb.org/t/p/w500/MbILysGhjAbnZi1Okae9wYqLMx.jpg
405,Transformers: The Last Knight,2017,https://image.tmdb.org/t/p/w500/s5HQf2Gb3lIO2cRcFwNL9sn1o1o.jpg
406,The Secret World of Arrietty,2010,https://image.tmdb.org/t/p/w500/3lSRaSjDp2nkXMQkzzjpRi3035O.jpg
407,Eddie the Eagle,2015,https://image.tmdb.org/t/p/w500/r562gvTRVHnDSvG7MrKHEECSn1V.jpg
408,The Croods,2013,https://image.tmdb.org/t/p/w500/27zvjVOtOi5ped1HSlJKNsKXkFH.jpg
410,Grown Ups,2010,https://image.tmdb.org/t/p/w500/ys0LscDFAuZxfUcpH5moiPeFfXs.jpg
411,The Kissing Booth,2018,https://image.tmdb.org/t/p/w500/7Dktk2ST6aL8h9Oe5rpk903VLhx.jpg
412,Teenage Mutant Ninja Turtles,2014,https://image.tmdb.org/t/p/w500/azL2ThbJMIkts3ZMt3j1YgBUeDB.jpg
413,John Carter,2012,https://image.tmdb.org/t/p/w500/lCxz1Yus07QCQQCb6I0Dr3Lmqpx.jpg
414,Prince of Persia: The Sands of Time,2010,https://image.tmdb.org/t/p/w500/34Vbk8VNMtETTOSG3jCHWwlWr1m.jpg
415,Pixels,2015,https://image.tmdb.org/t/p/w500/d26S5EfVXLNxRXqyFy1yyl3qRq3.jpg
417,The Last Airbender,2010,https://image.tmdb.org/t/p/w500/kl9JJ8288bNsY8oqT1SpQh1w2mb.jpg
418,Real Steel,2011,https://image.tmdb.org/t/p/w500/4GIeI5K5YdDUkR3mNQBoScpSFEf.jpg
419,To the Bone,2017,https://image.tmdb.org/t/p/w500/pkdxhdB3dRUqazqoy9lzUvhayjc.jpg
420,Olympus Has Fallen,2013,https://image.tmdb.org/t/p/w500/gKnx04MxnKcf5uOdhHhAAkqcCg.jpg
421,Alice Through the Looking Glass,2016,https://image.tmdb.org/t/p/w500/4g043PWVXkjHkxEEsEfwuAxlM8i.jpg
422,A Million Ways to Die in the West,2014,https://image.tmdb.org/t/p/w500/n9SicwnoNGWBwE75le27sUhCLMm.jpg
423,Taken 2,2012,https://image.tmdb.org/t/p/w500/mGRtQS39DYIu6gXu5mXQsXFGZPO.jpg
424,Rio,2011,https://image.tmdb.org/t/p/w500/4nJxhUknKV8Gqdhov8pU1YWDYfb.jpg
425,The Stanford Prison Experiment,2015,https://image.tmdb.org/t/p/w500/orMkBkPqu7szuBRdMLUB4TWKiVV.jpg
426,What Happened to Monday,2017,https://image.tmdb.org/t/p/w500/atOgZMJpMrTdpqvPiHVPfBhR61l.jpg
427,After Earth,2013,https://image.tmdb.org/t/p/w500/iXMvYIlzzJBs352CfeiQcBvovZt.jpg
428,Goosebumps,2015,https://image.tmdb.org/t/p/w500/aeZT9pqEgrmXOGdESFkAuVjX6kw.jpg
429,It's Kind of a Funny Story,2010,https://image.tmdb.org/t/p/w500/hQE4q8Szeaae4davgB7o8MTLmwr.jpg
430,Horns,2013,https://image.tmdb.org/t/p/w500/tjTy6W05mPXXw87IqpjeGNhIcM4.jpg
431,The DUFF,2015,https://image.tmdb.org/t/p/w500/aHzdMSKwq9ucnP2yXl5zYIfKgGl.jpg
432,Why Him?,2016,https://image.tmdb.org/t/p/w500/eezFoKz7bXgdbjeieeCYJFXPKSu.jpg
433,Horrible Bosses 2,2014,https://image.tmdb.org/t/p/w500/boBOkwIqgrs8noxBUSDkkicKa4K.jpg
434,White House Down,2013,https://image.tmdb.org/t/p/w500/6TeIVKPw7nXXWy2zKmDmlnSwzb7.jpg
435,Madagascar 3: Europe's Most Wanted,2012,https://image.tmdb.org/t/p/w500/ekraj4ksvIKeuvQVEevEJkuybZd.jpg
436,Pete's Dragon,2016,https://image.tmdb.org/t/p/w500/A9x4Ogk8KUXTfU649NS6lS9TCmu.jpg
437,Bad Teacher,2011,https://image.tmdb.org/t/p/w500/zpIY4qUSX91J9XpPgr0hFrk1eKr.jpg
438,One Day,2011,https://image.tmdb.org/t/p/w500/iWPwEkIDAihT5EDPZxFmhtyVrtj.jpg
439,The Internship,2013,https://image.tmdb.org/t/p/w500/hIh3ZgsZ31nbUAGn5SKIZGKiKCX.jpg
440,The Night Before,2015,https://image.tmdb.org/t/p/w500/rfeNBaiMBg0UQsBQFv1qsjTjZWn.jpg
441,The Lorax,2012,https://image.tmdb.org/t/p/w500/tePFnZFw5JvjwjQjaKkqDPNMLPU.jpg
442,Someone Great,2019,https://image.tmdb.org/t/p/w500/h0nz5lIBXeUZChBNfwL08bLWQaU.jpg
443,The Boy,2016,https://image.tmdb.org/t/p/w500/kW2vgzhyWXQu5UxNzebPokipBqH.jpg
444,The Perfect Date,2019,https://image.tmdb.org/t/p/w500/rrAYdezO3h1mjdYTaQyTXoj8IZ4.jpg
445,Hotel Transylvania 2,2015,https://image.tmdb.org/t/p/w500/3nFnrivNgipSKZ8LZJJbRSlAcTR.jpg
446,Sisters,2015,https://image.tmdb.org/t/p/w500/hpvHqAiusQtGNDx48dA3z5ejjon.jpg
447,Jane Eyre,2011,https://image.tmdb.org/t/p/w500/1j3MacXlWOJg0nrzmBfmlqPoWZp.jpg
448,In a Heartbeat,2017,https://image.tmdb.org/t/p/w500/wJUJROdLOtOzMixkjkx1aaZGSLl.jpg
449,Piper,2016,https://image.tmdb.org/t/p/w500/rfEkkVzmrMYqGezNLl02mVyJCP2.jpg
450,Just Go with It,2011,https://image.tmdb.org/t/p/w500/ez1EDULOCUUCySHOZU6tz97qbtM.jpg
451,The Book of Life,2014,https://image.tmdb.org/t/p/w500/aotTZos5KswgCryEzx2rlOjFsm1.jpg
452,How to Be Single,2016,https://image.tmdb.org/t/p/w500/a4Ce3qHqIyHM3QfGsiVTAu3YADJ.jpg
453,The Light Between Oceans,2016,https://image.tmdb.org/t/p/w500/c9S6VKZPllNgdxBUuI3GYJiqcKO.jpg
454,Bridget Jones's Baby,2016,https://image.tmdb.org/t/p/w500/5hHomngoPZrNoXOPlyaHV6eXaQW.jpg
455,Rough Night,2017,https://image.tmdb.org/t/p/w500/ttC00xcQ5UIO04kU8y0h5OAIYYJ.jpg
456,Puss in Boots,2011,https://image.tmdb.org/t/p/w500/eufJ36oQCauDc427ewaEvQrhZ6i.jpg
457,The Boxtrolls,2014,https://image.tmdb.org/t/p/w500/npBf0yc5Gt7aAyyVOcYtFyT2IPa.jpg
458,Dirty Grandpa,2016,https://image.tmdb.org/t/p/w500/k0Lz1TfSlbcQthQKYGwE7blDfwN.jpg
459,Fifty Shades Darker,2017,https://image.tmdb.org/t/p/w500/w3qa274gvca9t8pkUoG8nfQgTU3.jpg
460,Ice Age: Continental Drift,2012,https://image.tmdb.org/t/p/w500/dfp1BZF7FxbBUyzHvMOI9t8NWDD.jpg
461,I Feel Pretty,2018,https://image.tmdb.org/t/p/w500/iuPs45XIxfARKPLEkCGXWUrBrTR.jpg
462,The Chronicles of Narnia: The Voyage of the Dawn Treader,2010,https://image.tmdb.org/t/p/w500/pP27zlm9yeKrCeDZLFLP2HKELot.jpg
463,Taken 3,2014,https://image.tmdb.org/t/p/w500/vzvMXMypMq7ieDofKThsxjHj9hn.jpg
464,Before I Fall,2017,https://image.tmdb.org/t/p/w500/eowzonDJMCuNXoJGVkP9Z7oCmiM.jpg
465,Pride and Prejudice and Zombies,2016,https://image.tmdb.org/t/p/w500/jsJlOhVHiz1xXr36616EI8tJ4b2.jpg
466,Allegiant,2016,https://image.tmdb.org/t/p/w500/aSsOFs0O84HKmYtgGGbmzjLOBrJ.jpg
467,The Huntsman: Winter's War,2016,https://image.tmdb.org/t/p/w500/ci1QXfBSUBVpLuzxi9A208uwUVi.jpg
468,Cloudy with a Chance of Meatballs 2,2013,https://image.tmdb.org/t/p/w500/ss5NcK2NWFg2YcKKYXLrk8q1myS.jpg
469,Suffragette,2015,https://image.tmdb.org/t/p/w500/y706qec117bN2S7XgCs2Yz8jEfv.jpg
470,The 5th Wave,2016,https://image.tmdb.org/t/p/w500/ja34BV577dtjWl2S5G1tB93IjYb.jpg
471,Movie 43,2013,https://image.tmdb.org/t/p/w500/uYa06GxHsCsELx9vOQ11vsT0Aa6.jpg
472,The Giver,2014,https://image.tmdb.org/t/p/w500/dul62Av4pgi5x8LP7ELHzNyka9Z.jpg
473,We Bought a Zoo,2011,https://image.tmdb.org/t/p/w500/dcOvIqdsojUdAtWt1nPT9xS76Su.jpg
474,Percy Jackson: Sea of Monsters,2013,https://image.tmdb.org/t/p/w500/tAu90qEpLqwqiZLsMqpaMVr55oN.jpg
475,Home,2015,https://image.tmdb.org/t/p/w500/usFenYnk6mr8C62dB1MoAfSWMGR.jpg
476,Grown Ups 2,2013,https://image.tmdb.org/t/p/w500/hT6ijOtjtYrnyDhN7VA2QWyGFAm.jpg
477,The Christmas Chronicles,2018,https://image.tmdb.org/t/p/w500/5Il2EMSF2KecrUKZPuen6BZmaCP.jpg
478,Teenage Mutant Ninja Turtles: Out of the Shadows,2016,https://image.tmdb.org/t/p/w500/euVaCiCWz3AALcQXHT6aUqdGUo6.jpg
479,Abducted in Plain Sight,2017,https://image.tmdb.org/t/p/w500/licfKJMCnGFgFDATHeUZuy047RB.jpg
480,Fifty Shades Freed,2018,https://image.tmdb.org/t/p/w500/jjPJ4s3DWZZvI4vw8Xfi4Vqa1Q8.jpg
481,If I Stay,2014,https://image.tmdb.org/t/p/w500/7Twh8h3Wh7GC9npTAEUThgkxkWL.jpg
482,Paperman,2012,https://image.tmdb.org/t/p/w500/9tvF744hwTm2Bn9hkDjMfEsysKz.jpg
484,Vacation,2015,https://image.tmdb.org/t/p/w500/fYDALvoCt3DBlSWN6pSAnGQ9ld7.jpg
485,When We First Met,2018,https://image.tmdb.org/t/p/w500/pscQKoikkSJxAu8O5LKtjgGJEt1.jpg
486,Dracula Untold,2014,https://image.tmdb.org/t/p/w500/xJJFZ7tYASyQ7rNOLTrb2JpDc7A.jpg
487,The Other Woman,2014,https://image.tmdb.org/t/p/w500/kKzKxip6Qezdw5pSR9ozib0RB2F.jpg
488,Adrift,2018,https://image.tmdb.org/t/p/w500/5gLDeADaETvwQlQow5szlyuhLbj.jpg
489,Valentine's Day,2010,https://image.tmdb.org/t/p/w500/qOTcfD2DdnOTmhH0r1TOE09VvNh.jpg
491,Jackass Presents: Bad Grandpa,2013,https://image.tmdb.org/t/p/w500/dDSMzBEaM0LYSy9Muo0zsCo77Vh.jpg
494,R.I.P.D.,2013,https://image.tmdb.org/t/p/w500/rS0kByPD4YF8pQ85KjzMdGiu7Xf.jpg
495,When They See Us,2019,https://image.tmdb.org/t/p/w500/SttcgfmWLYTKUV7xd34d6l36CO.jpg
497,I Am Number Four,2011,https://image.tmdb.org/t/p/w500/2NrP3h3GEsrPXX60bmjKuYWAvl9.jpg
498,That Awkward Moment,2014,https://image.tmdb.org/t/p/w500/tjDAdesZNYFyRNnZvLT0osc7S2t.jpg
500,The Sorcerer's Apprentice,2010,https://image.tmdb.org/t/p/w500/kffWPQfYLkjsoYEBlFpzqVoTfCV.jpg
501,Remember Me,2010,https://image.tmdb.org/t/p/w500/j7umuMiLCHvWT7wYhFKJOTFSokF.jpg
502,Daddy's Home 2,2017,https://image.tmdb.org/t/p/w500/rF2IoKL0IFmumEXQFUuB8LajTYP.jpg
503,Mirror Mirror,2012,https://image.tmdb.org/t/p/w500/pys6zIJN8Sxlk2Ss2GZuYuXPbtw.jpg
504,Jack and Jill,2011,https://image.tmdb.org/t/p/w500/kFeAxmZvu0TE4iuLRHQD6Cej8Wf.jpg
505,Far from the Madding Crowd,2015,https://image.tmdb.org/t/p/w500/r6ixYhWrBwtEQzdOo1TkPaF0C77.jpg
506,American Assassin,2017,https://image.tmdb.org/t/p/w500/w6vjeHx3UEaBXIyc8VFqyZYKznD.jpg
507,The Princess Switch,2018,https://image.tmdb.org/t/p/w500/yDQftfpTEppAvdgLDDil56W1VWS.jpg
508,Pan,2015,https://image.tmdb.org/t/p/w500/w8i0mZR7MEL7c3bXSsuYg7VJsew.jpg
509,The Vow,2012,https://image.tmdb.org/t/p/w500/y5GUXzTvt7kSQbdQrSvbYNoa8HB.jpg
510,Dear John,2010,https://image.tmdb.org/t/p/w500/2lAPv2jQ5eh54l4EttA9wjDljED.jpg
511,Flatliners,2017,https://image.tmdb.org/t/p/w500/wda3j7p7YHXKpFIlSzoTCtP7myF.jpg
512,Stardust,2007,https://image.tmdb.org/t/p/w500/7zbFmxy3DqKYL2M8Hop6uylp2Uy.jpg
513,Mortal Engines,2018,https://image.tmdb.org/t/p/w500/gLhYg9NIvIPKVRTtvzCWnp1qJWG.jpg
514,The Twilight Saga: Eclipse,2010,https://image.tmdb.org/t/p/w500/3mFM80dPzSqoXXuC2UMvLIRWX32.jpg
515,Cloud Atlas,2012,https://image.tmdb.org/t/p/w500/8naVv2Xu3rWI5JKHz0vCujx6GaJ.jpg
516,Freaky Friday,2003,https://image.tmdb.org/t/p/w500/ipKcZ4Up7dp18XpsfYUc9NKZy3g.jpg
517,The Prince of Egypt,1998,https://image.tmdb.org/t/p/w500/2xUjYwL6Ol7TLJPPKs7sYW5PWLX.jpg
518,Star Wars: The Rise of Skywalker,2019,https://image.tmdb.org/t/p/w500/db32LaOibwEliAmSL2jjDF6oDdj.jpg
519,Glass,2019,https://image.tmdb.org/t/p/w500/svIDTNUoajS8dLEo7EosxvyAsgJ.jpg
520,To All the Boys: P.S. I Still Love You,2020,https://image.tmdb.org/t/p/w500/maib5VlmEqp5xlN8lptnBSftp2o.jpg
521,Maleficent: Mistress of Evil,2019,https://image.tmdb.org/t/p/w500/vloNTScJ3w7jwNwtNGoG8DbTThv.jpg
522,The House with a Clock in Its Walls,2018,https://image.tmdb.org/t/p/w500/qM66Hv4ByAxnilr0jaqCA9uOD4Y.jpg
523,The Nutcracker and the Four Realms,2018,https://image.tmdb.org/t/p/w500/9vPDY8e7YxLwgVum7YZIUJbr4qc.jpg
524,Gemini Man,2019,https://image.tmdb.org/t/p/w500/uTALxjQU8e1lhmNjP9nnJ3t2pRU.jpg
525,A Wrinkle in Time,2018,https://image.tmdb.org/t/p/w500/yAcb58vipewa1BfNit2RjE6boXA.jpg
526,Hustlers,2019,https://image.tmdb.org/t/p/w500/zBhv8rsLOfpFW2M5b6wW78Uoojs.jpg
527,Yesterday,2019,https://image.tmdb.org/t/p/w500/9fYka5CQt9nrb6LOtKicysUf9NA.jpg
528,Star Wars: Episode II – Attack of the Clones,2002,https://image.tmdb.org/t/p/w500/oZNPzxqM2s5DyVWab09NTQScDQt.jpg
529,Star Wars: Episode III – Revenge of the Sith,2005,https://image.tmdb.org/t/p/w500/xfSAoBEm9MNBjmlNcDYLvLSMlnq.jpg
530,Return of the Jedi,1983,https://image.tmdb.org/t/p/w500/jQYlydvHm3kUix1f8prMucrplhm.jpg
531,The Empire Strikes Back,1980,https://image.tmdb.org/t/p/w500/nNAeTmF4CtdSgMDplXTDPOpYzsX.jpg
532,Solo: A Star Wars Story,2018,https://image.tmdb.org/t/p/w500/4oD6VEccFkorEBTEDXtpLAaz0Rl.jpg
533,Men in Black: International,2019,https://image.tmdb.org/t/p/w500/dPrUPFcgLfNbmDL8V69vcrTyEfb.jpg
534,Downsizing,2017,https://image.tmdb.org/t/p/w500/5bNzInSSAXfr0MFlHfb4IoQePVx.jpg
535,London Has Fallen,2016,https://image.tmdb.org/t/p/w500/iEbLkYzyiUdOKNK4WNBFyGH7r2Y.jpg
536,Ralph Breaks the Internet,2018,https://image.tmdb.org/t/p/w500/iVCrhBcpDaHGvv7CLYbK6PuXZo1.jpg
537,Deadpool 2,2018,https://image.tmdb.org/t/p/w500/to0spRl1CMDvyUbOnbb4fTk3VAd.jpg
538,Jojo Rabbit,2019,https://image.tmdb.org/t/p/w500/7GsM4mtM0worCtIVeiQt28HieeN.jpg
539,Knives Out,2019,https://image.tmdb.org/t/p/w500/pThyQovXQrw2m0s9x82twj48Jq4.jpg
540,Frozen II,2019,https://image.tmdb.org/t/p/w500/mINJaa34MtknCYl5AjtNJzWj8cD.jpg
541,Treasure Planet,2002,https://image.tmdb.org/t/p/w500/zMKatZ0c0NCoKzfizaCzVUcbKMf.jpg
542,10 Things I Hate About You,1999,https://image.tmdb.org/t/p/w500/ujERk3aKABXU3NDXOAxEQYTHe9A.jpg
543,National Treasure: Book of Secrets,2007,https://image.tmdb.org/t/p/w500/xxoIBbvmTj1ZttzV439jAvoovTw.jpg
545,Spider-Man: Into the Spider-Verse,2018,https://image.tmdb.org/t/p/w500/iiZZdoQBEYBv6id8su7ImL0oCbD.jpg
546,Midsommar,2019,https://image.tmdb.org/t/p/w500/7LEI8ulZzO5gy9Ww2NVCrKmHeDZ.jpg
547,Joker,2019,https://image.tmdb.org/t/p/w500/udDclJoHjfjb8Ekgsd4FDteOkCU.jpg
548,The Grand Budapest Hotel,2014,https://image.tmdb.org/t/p/w500/eWdyYQreja6JGCzqHWXpWHDrrPo.jpg
549,Django,1966,https://image.tmdb.org/t/p/w500/vs4vieNstSEfbgLFEelXXOPvr6h.jpg
550,Logan,2017,https://image.tmdb.org/t/p/w500/fnbjcRDYn6YviCcePDnGdyAkYsB.jpg
551,Room,2015,https://image.tmdb.org/t/p/w500/pCURNjeomWbMSdiP64gj8NVVHTQ.jpg
552,Whiplash,2014,https://image.tmdb.org/t/p/w500/7fn624j5lj3xTme2SgiLCeuedmO.jpg
553,Spider-Man: No Way Home,2021,https://image.tmdb.org/t/p/w500/1g0dhYtq4irTY1GPXvft6k4YLjm.jpg
554,Dune,2021,https://image.tmdb.org/t/p/w500/d5NXSklXo0qyIYkgV94XAgMIckC.jpg
555,Once Upon a Time... in Hollywood,2019,https://image.tmdb.org/t/p/w500/8j58iEBw9pOXFD2L0nt0ZXeHviB.jpg
556,The Shining,1980,https://image.tmdb.org/t/p/w500/xazWoLealQwEgqZ89MLZklLZD3k.jpg
557,Inglourious Basterds,2009,https://image.tmdb.org/t/p/w500/7sfbEnaARXDDhKm0CZ7D7uc2sbo.jpg
558,Baby Driver,2017,https://image.tmdb.org/t/p/w500/rmnQ9jKW72bHu8uKlMjPIb2VLMI.jpg
559,The Truman Show,1998,https://image.tmdb.org/t/p/w500/vuza0WqY239yBXOadKlGwJsZJFE.jpg
560,The Matrix,1999,https://image.tmdb.org/t/p/w500/dXNAPwY7VrqMAo51EKhhCJfaGb5.jpg
561,American Psycho,2000,https://image.tmdb.org/t/p/w500/9uGHEgsiUXjCNq8wdq4r49YL8A1.jpg
562,Little Women,2019,https://image.tmdb.org/t/p/w500/yn5ihODtZ7ofn8pDYfxCmxh8AXI.jpg
563,Don't Look Up,2021,https://image.tmdb.org/t/p/w500/th4E1yqsE8DGpAseLiUrI60Hf8V.jpg
564,Hereditary,2018,https://image.tmdb.org/t/p/w500/4GFPuL14eXi66V96xBWY73Y9PfR.jpg
565,Black Swan,2010,https://image.tmdb.org/t/p/w500/viWheBd44bouiLCHgNMvahLThqx.jpg
566,1917,2019,https://image.tmdb.org/t/p/w500/iZf0KyrE25z1sage4SYFLCCrMi9.jpg
567,Soul,2020,https://image.tmdb.org/t/p/w500/pEz5aROvfy5FBW1OTlrDO3VryWO.jpg
568,Coco,2017,https://image.tmdb.org/t/p/w500/gGEsBPAijhVUFoiNpgZXqRVWJt2.jpg
569,Star Wars,1977,https://image.tmdb.org/t/p/w500/6FfCtAuVAW8XJjZ7eWeLibRLWTw.jpg
570,Shutter Island,2010,https://image.tmdb.org/t/p/w500/nrmXQ0zcZUL8jFLrakWc90IR8z9.jpg
571,The Shawshank Redemption,1994,https://image.tmdb.org/t/p/w500/9cqNxx0GxF0bflZmeSMuL5tnGzr.jpg
572,A Quiet Place,2018,https://image.tmdb.org/t/p/w500/nAU74GmpUk7t5iklEp3bufwDq4n.jpg
573,Tenet,2020,https://image.tmdb.org/t/p/w500/aCIFMriQh8rvhxpN1IWGgvH0Tlg.jpg
574,Nightcrawler,2014,https://image.tmdb.org/t/p/w500/j9HrX8f7GbZQm1BrBiR40uFQZSb.jpg
575,The French Dispatch,2021,https://image.tmdb.org/t/p/w500/6JXR3KJH5roiBCjWFt09xfgxHZc.jpg
576,Fantastic Mr. Fox,2009,https://image.tmdb.org/t/p/w500/njbTizADSZg4PqeyJdDzZGooikv.jpg
577,Zodiac,2007,https://image.tmdb.org/t/p/w500/6YmeO4pB7XTh8P8F960O1uA14JO.jpg
578,The Shape of Water,2017,https://image.tmdb.org/t/p/w500/9zfwPffUXpBrEP26yp0q1ckXDcj.jpg
579,Black Widow,2021,https://image.tmdb.org/t/p/w500/kwB7d51AIcyzPOBOHLCEZJkmPhQ.jpg
580,Shang-Chi and the Legend of the Ten Rings,2021,https://image.tmdb.org/t/p/w500/d08HqqeBQSwN8i8MEvpsZ8Cb438.jpg
581,The Suicide Squad,2021,https://image.tmdb.org/t/p/w500/q61qEyssk2ku3okWICKArlAdhBn.jpg
582,Booksmart,2019,https://image.tmdb.org/t/p/w500/2aSxRDmisJP90H3S0aocyuQIe4z.jpg
583,Encanto,2021,https://image.tmdb.org/t/p/w500/4j0PNHkMr5ax3IA8tjtxcmPU3QT.jpg
584,My Neighbor Totoro,1988,https://image.tmdb.org/t/p/w500/rtGDOeG9LzoerkDGZF9dnVeLppL.jpg
585,Where the Crawdads Sing,2022,https://image.tmdb.org/t/p/w500/n1el846gLDXfhOvrRCsyvaAOQWv.jpg
586,Barbie,2023,https://image.tmdb.org/t/p/w500/iuFNMS8U5cb6xfzi51Dbkovj7vM.jpg
587,Fight Club,1999,https://image.tmdb.org/t/p/w500/pB8BM7pdSp6B6Ih7QZ4DrQ3PmJK.jpg
588,The Substance,2024,https://image.tmdb.org/t/p/w500/cGm2qnmXx9tFabmzEIkJZjCJdQd.jpg
589,Eternal Sunshine of the Spotless Mind,2004,https://image.tmdb.org/t/p/w500/5MwkWH9tYHv3mV9OdYTMR5qreIz.jpg
590,The Batman,2022,https://image.tmdb.org/t/p/w500/74xTEgt7R36Fpooo50r9T25onhq.jpg
591,Dune: Part Two,2024,https://image.tmdb.org/t/p/w500/6izwz7rsy95ARzTR3poZ8H6c5pp.jpg
592,Saltburn,2023,https://image.tmdb.org/t/p/w500/zGTfMwG112BC66mpaveVxoWPOaB.jpg
593,Spider-Man: Across the Spider-Verse,2023,https://image.tmdb.org/t/p/w500/8Vt6mWEReuy4Of61Lnj5Xj704m8.jpg
594,Poor Things,2023,https://image.tmdb.org/t/p/w500/kCGlIMHnOm8JPXq3rXM6c5wMxcT.jpg
595,Challengers,2024,https://image.tmdb.org/t/p/w500/H6vke7zGiuLsz4v4RPeReb9rsv.jpg
596,Lady Bird,2017,https://image.tmdb.org/t/p/w500/gl66K7zRdtNYGrxyS2YDUP5ASZd.jpg
597,Spirited Away,2001,https://image.tmdb.org/t/p/w500/39wmItIWsg5sZMyRUHLkWBcuVCM.jpg
598,Nosferatu,2024,https://image.tmdb.org/t/p/w500/5qGIxdEO841C0tdY8vOdLoRVrr0.jpg
599,(500) Days of Summer,2009,https://image.tmdb.org/t/p/w500/qXAuQ9hF30sQRsXf40OfRVl0MJZ.jpg
600,Deadpool & Wolverine,2024,https://image.tmdb.org/t/p/w500/8cdWjvZQUExUUTzyp4t6EDMubfO.jpg
601,Inside Out 2,2024,https://image.tmdb.org/t/p/w500/vpnVM9B6NMmQpWeZvzLvDESb2QY.jpg
602,Glass Onion,2022,https://image.tmdb.org/t/p/w500/vDGr1YdrlfbU9wxTOdpf3zChmv9.jpg
603,Titanic,1997,https://image.tmdb.org/t/p/w500/9xjZS2rlVxm8SFx8kPC3aIGCOYQ.jpg
604,Pearl,2022,https://image.tmdb.org/t/p/w500/z5uIG81pXyHKg7cUFIu84Wjn4NS.jpg
605,Howl's Moving Castle,2004,https://image.tmdb.org/t/p/w500/23hUJh7JdO23SpgUB5oiFDQk2wX.jpg
606,Us,2019,https://image.tmdb.org/t/p/w500/ux2dU1jQ2ACIMShzB3yP93Udpzc.jpg
607,Longlegs,2024,https://image.tmdb.org/t/p/w500/1EwNyiiNFd863H4e8nWEzutnZD7.jpg
608,Avatar: The Way of Water,2022,https://image.tmdb.org/t/p/w500/t6HIqrRAclMCA60NsSmeqe9RmNV.jpg
609,Guardians of the Galaxy Vol. 3,2023,https://image.tmdb.org/t/p/w500/r2J02Z2OpNTctfOSN1Ydgii51I3.jpg
610,Anyone But You,2023,https://image.tmdb.org/t/p/w500/5qHoazZiaLe7oFBok7XlUhg96f2.jpg
611,Gladiator,2000,https://image.tmdb.org/t/p/w500/w0YjBWVfu689txEXZG3xa4Aev3i.jpg
612,Superbad,2007,https://image.tmdb.org/t/p/w500/ek8e8txUyUwd2BNqj6lFEerJfbq.jpg
613,Doctor Strange in the Multiverse of Madness,2022,https://image.tmdb.org/t/p/w500/ddJcSKbcp4rKZTmuyWaMhuwcfMz.jpg
614,The Hunger Games: The Ballad of Songbirds & Snakes,2023,https://image.tmdb.org/t/p/w500/lrkOYL5GBTFW9cgs9RlojxAcZZF.jpg
615,The Witch,2015,https://image.tmdb.org/t/p/w500/zap5hpFCWSvdWSuPGAQyjUv2wAC.jpg
616,How to Lose a Guy in 10 Days,2003,https://image.tmdb.org/t/p/w500/2dlftyPz7mTYbrsPvTogyFmYd7d.jpg
617,The Nightmare Before Christmas,1993,https://image.tmdb.org/t/p/w500/oQffRNjK8e19rF7xVYEN8ew0j7b.jpg
618,Beautiful Boy,2018,https://image.tmdb.org/t/p/w500/u2Gfv0mz3xePsgyCPHovrnFL1sB.jpg
619,Priscilla,2023,https://image.tmdb.org/t/p/w500/uDCeELWWpsNq7ErM61Yuq70WAE9.jpg
620,Barbarian,2022,https://image.tmdb.org/t/p/w500/idT5mnqPcJgSkvpDX7pJffBzdVH.jpg
621,We Live in Time,2024,https://image.tmdb.org/t/p/w500/oeDNBgnlGF6rnyX1P1K8Vl2f3lW.jpg
622,No Hard Feelings,2023,https://image.tmdb.org/t/p/w500/gD72DhJ7NbfxvtxGiAzLaa0xaoj.jpg
623,Star Wars: Episode I – The Phantom Menace,1999,https://image.tmdb.org/t/p/w500/6wkfovpn7Eq8dYNKaG5PY3q2oq6.jpg
624,Thor: Love and Thunder,2022,https://image.tmdb.org/t/p/w500/pIkRyD18kl4FhoCNQuWxWu5cBLM.jpg
625,Moonrise Kingdom,2012,https://image.tmdb.org/t/p/w500/y4SXcbNl6CEF2t36icuzuBioj7K.jpg
626,Last Night in Soho,2021,https://image.tmdb.org/t/p/w500/n1ZRmjlk1BJTY7aASqACfPAaLn2.jpg
627,Five Nights at Freddy's,2023,https://image.tmdb.org/t/p/w500/4dKRTUylqwXQ4VJz0BS84fqW2wa.jpg
628,Smile,2022,https://image.tmdb.org/t/p/w500/aPqcQwu4VGEewPhagWNncDbJ9Xp.jpg
629,Luca,2021,https://image.tmdb.org/t/p/w500/9x4i9uKGXt8IiiIF5Ey0DIoY738.jpg
630,The Sixth Sense,1999,https://image.tmdb.org/t/p/w500/vOyfUXNFSnaTk7Vk5AjpsKTUWsu.jpg
631,Die Hard,1988,https://image.tmdb.org/t/p/w500/1NnCbaFaWgHczKjH5Eii46VmpPp.jpg
632,Black Panther: Wakanda Forever,2022,https://image.tmdb.org/t/p/w500/sv1xJUazXeYqALzczSZ3O6nkH75.jpg
633,Turning Red,2022,https://image.tmdb.org/t/p/w500/qsdjk9oAKSQMWs0Vt5Pyfh6O4GZ.jpg
634,Ready or Not,2019,https://image.tmdb.org/t/p/w500/oJD9KQFoObZmxAS1je56SIFVNJt.jpg
635,Cruella,2021,https://image.tmdb.org/t/p/w500/wToO8opxkGwKgSfJ1JK8tGvkG6U.jpg
636,Eternals,2021,https://image.tmdb.org/t/p/w500/lFByFSLV5WDJEv3KabbdAF959F2.jpg
637,The Imitation Game,2014,https://image.tmdb.org/t/p/w500/zSqJ1qFq8NXFfi7JeIYMlzyR0dx.jpg
638,Carry-On,2024,https://image.tmdb.org/t/p/w500/sjMN7DRi4sGiledsmllEw5HJjPy.jpg
639,School of Rock,2003,https://image.tmdb.org/t/p/w500/zXLXaepIBvFVLU25DH3wv4IPSbe.jpg
640,Palm Springs,2020,https://image.tmdb.org/t/p/w500/yf5IuMW6GHghu39kxA0oFx7Bxmj.jpg
641,Elemental,2023,https://image.tmdb.org/t/p/w500/4Y1WNkd88JXmGfhtWR7dmDAo1T2.jpg
643,Scream VI,2023,https://image.tmdb.org/t/p/w500/wDWwtvkRRlgTiUr6TyLSMX8FCuZ.jpg
644,Scream,2022,https://image.tmdb.org/t/p/w500/1m3W6cpgwuIyjtg5nSnPx7yFkXW.jpg
645,Hot Fuzz,2007,https://image.tmdb.org/t/p/w500/zPib4ukTSdXvHP9pxGkFCe34f3y.jpg
647,A Quiet Place Part II,2020,https://image.tmdb.org/t/p/w500/4q2hz2m8hubgvijz8Ez0T2Os2Yv.jpg
648,The Holiday,2006,https://image.tmdb.org/t/p/w500/h1ITOpvJN3Tw4Sy60w2QTfYMvdd.jpg
649,Snowpiercer,2013,https://image.tmdb.org/t/p/w500/nzccOvhrLGI0nvAknCEAk8bchD9.jpg
650,Leave the World Behind,2023,https://image.tmdb.org/t/p/w500/29rhl1xopxA7JlGVVsf1UHfYPvN.jpg
651,Birds of Prey (and the Fantabulous Emancipation of One Harley Quinn),2020,https://image.tmdb.org/t/p/w500/h4VB6m0RwcicVEZvzftYZyKXs6K.jpg
652,Blink Twice,2024,https://image.tmdb.org/t/p/w500/lZGOK0I2DJSRlEPNOAFTSNxSjDD.jpg
653,The Blair Witch Project,1999,https://image.tmdb.org/t/p/w500/9050VGrYjYrEjpOvDZVAngLbg1f.jpg
654,Ant-Man and the Wasp: Quantumania,2023,https://image.tmdb.org/t/p/w500/qnqGbB22YJ7dSs4o6M7exTpNxPz.jpg
655,White Chicks,2004,https://image.tmdb.org/t/p/w500/aHTUpo45qy9QYIOnVITGGqLoVcA.jpg
656,Ocean's Eight,2018,https://image.tmdb.org/t/p/w500/MvYpKlpFukTivnlBhizGbkAe3v.jpg
657,The Idea of You,2024,https://image.tmdb.org/t/p/w500/Y5P4Q3q8nrruZ9aD3wXeJS2Plg.jpg
658,No Time to Die,2021,https://image.tmdb.org/t/p/w500/iUgygt3fscRoKWCV1d0C7FbM9TP.jpg
659,Finding Dory,2016,https://image.tmdb.org/t/p/w500/3UVe8NL1E2ZdUZ9EDlKGJY5UzE.jpg
660,Fresh,2022,https://image.tmdb.org/t/p/w500/tlu71AgaL3EQBBCNGsAwZLPbV5D.jpg
661,12 Years a Slave,2013,https://image.tmdb.org/t/p/w500/xdANQijuNrJaw1HA61rDccME4Tm.jpg
662,The Twilight Saga: New Moon,2009,https://image.tmdb.org/t/p/w500/k2qTooPlHffgNABNWxeJdGMglPK.jpg
663,Hit Man,2023,https://image.tmdb.org/t/p/w500/oil3EZwKFp3CWxZnfGfGglesvm9.jpg
664,I'm Thinking of Ending Things,2020,https://image.tmdb.org/t/p/w500/5ynWWapdl45hJXUh0KIevxSG9JQ.jpg
665,The Secret Life of Walter Mitty,2013,https://image.tmdb.org/t/p/w500/tY6ypjKOOtujhxiSwTmvA4OZ5IE.jpg
666,Jumanji: Welcome to the Jungle,2017,https://image.tmdb.org/t/p/w500/pSgXKPU5h6U89ipF7HBYajvYt7j.jpg
667,Normal People,2020,https://image.tmdb.org/t/p/w500/fInotL9UO1AZaup34p5RxzEh4SJ.jpg
668,The Talented Mr. Ripley,1999,https://image.tmdb.org/t/p/w500/6ojHgqtIR41O2qLKa7LFUVj0cZa.jpg
669,Scream 2,1997,https://image.tmdb.org/t/p/w500/dORlVasiaDkJXTqt9bdH7nFNs6C.jpg
670,Pirates of the Caribbean: At World's End,2007,https://image.tmdb.org/t/p/w500/jGWpG4YhpQwVmjyHEGkxEkeRf0S.jpg
671,Napoleon,2023,https://image.tmdb.org/t/p/w500/ytFOXyghxLzAM4KZyazDdEkM66q.jpg
672,Borat: Cultural Learnings of America for Make Benefit Glorious Nation of Kazakhstan,2006,https://image.tmdb.org/t/p/w500/kfkyALfD4G1mlBJI1lOt2QCra4i.jpg
673,The Little Mermaid,2023,https://image.tmdb.org/t/p/w500/cJbKUdbWcIFDuHhs6uvOfacemc4.jpg
674,Aquaman,2018,https://image.tmdb.org/t/p/w500/oIDpaHSnTMYK0Cf5RkEoQzXPpBE.jpg
675,Old,2021,https://image.tmdb.org/t/p/w500/vclShucpUmPhdAOmKgf3B3Z4POD.jpg
676,She's the Man,2006,https://image.tmdb.org/t/p/w500/ms9vdHyBLgAj0txnMWI9djGpDGp.jpg
677,Emma.,2020,https://image.tmdb.org/t/p/w500/uHpHzbHLSsVmAuuGuQSpyVDZmDc.jpg
678,Rocketman,2019,https://image.tmdb.org/t/p/w500/f4FF18ia7yTvHf2izNrHqBmgH8U.jpg
679,Kingsman: The Golden Circle,2017,https://image.tmdb.org/t/p/w500/34xBL6BXNYFqtHO9zhcgoakS4aP.jpg
680,Enola Holmes,2020,https://image.tmdb.org/t/p/w500/riYInlsq2kf1AWoGm80JQW5dLKp.jpg
681,Moana 2,2024,https://image.tmdb.org/t/p/w500/aLVkiINlIeCkcZIzb7XHzPYgO6L.jpg
682,Hidden Figures,2016,https://image.tmdb.org/t/p/w500/9lfz2W2uGjyow3am00rsPJ8iOyq.jpg
683,The Gentlemen,2019,https://image.tmdb.org/t/p/w500/jtrhTYB7xSrJxR1vusu99nvnZ1g.jpg
684,House of Gucci,2021,https://image.tmdb.org/t/p/w500/oJCQjD2byiVF1EG408F9dBn9ndU.jpg
685,The Matrix Reloaded,2003,https://image.tmdb.org/t/p/w500/9TGHDvWrqKBzwDxDodHYXEmOE6J.jpg
686,Insidious,2010,https://image.tmdb.org/t/p/w500/1egpmVXuXed58TH2UOnX1nATTrf.jpg
687,Loki,2021,https://image.tmdb.org/t/p/w500/Aq0a9qdBVgWKVCy2OlFdZOCj3Iw.jpg
688,Sinister,2012,https://image.tmdb.org/t/p/w500/nzx10sca3arCeYBAomHan4Q6wa1.jpg
689,Do Revenge,2022,https://image.tmdb.org/t/p/w500/akIjKJDHcVN4bzifcEarKVPNpoa.jpg
690,Onward,2020,https://image.tmdb.org/t/p/w500/f4aul3FyD3jv3v4bul1IrkWZvzq.jpg
691,Fear Street: 1994,2021,https://image.tmdb.org/t/p/w500/9J9Wy39ZjrVmfk7yMkulpcI5sy0.jpg
692,Scream 4,2011,https://image.tmdb.org/t/p/w500/tcrI37K98TVopLbcZBa55mWhLT1.jpg
693,"Love, Simon",2018,https://image.tmdb.org/t/p/w500/snIsqVPmlu4LPjvToHpDotxa7Eh.jpg
694,The 40 Year Old Virgin,2005,https://image.tmdb.org/t/p/w500/jBoRAWYOv7tBtfXbNJMAojGj0Xf.jpg
695,The Matrix Resurrections,2021,https://image.tmdb.org/t/p/w500/8c4a8kE7PizaGQQnditMmI1xbRp.jpg
696,Doctor Sleep,2019,https://image.tmdb.org/t/p/w500/p69QzIBbN06aTYqRRiCOY1emNBh.jpg
697,Jurassic World: Fallen Kingdom,2018,https://image.tmdb.org/t/p/w500/270MrJNqJovumHXGE6SSt0zwUIF.jpg
698,Scream 3,2000,https://image.tmdb.org/t/p/w500/qpH8ToZVlFD1bakL04LkEKodyDI.jpg
699,X2,2003,https://image.tmdb.org/t/p/w500/rtrd4qieMAhoUshu83Vi1GazM1O.jpg
700,Wonder Woman 1984,2020,https://image.tmdb.org/t/p/w500/8UlWHLMpgZm9bx6QYh0NFoq67TZ.jpg
701,Monster House,2006,https://image.tmdb.org/t/p/w500/zCRPr4bkO3ae0U1134vJ39xZnAG.jpg
702,Bridge to Terabithia,2007,https://image.tmdb.org/t/p/w500/3xFxGodKPMFLheS8rujFSmLfcq4.jpg
703,Uptown Girls,2003,https://image.tmdb.org/t/p/w500/liazMoopc2fhWq1YlfwasQcvWu.jpg
704,Jurassic World Dominion,2022,https://image.tmdb.org/t/p/w500/jbAvCACjLf1ZG0unB2tdmx5HAf1.jpg
705,Raya and the Last Dragon,2021,https://image.tmdb.org/t/p/w500/5nVhgCzxKbK47OLIKxCR1syulOn.jpg
706,Captain Fantastic,2016,https://image.tmdb.org/t/p/w500/2sFME73GaD8UsUxPUKe60cPdLif.jpg
707,Ponyo,2008,https://image.tmdb.org/t/p/w500/yp8vEZflGynlEylxEesbYasc06i.jpg
708,The Royal Tenenbaums,2001,https://image.tmdb.org/t/p/w500/syaECBy6irxSgeF0m5ltGPNTWXL.jpg
709,Manchester by the Sea,2016,https://image.tmdb.org/t/p/w500/o9VXYOuaJxCEKOxbA86xqtwmqYn.jpg
710,The Black Phone,2021,https://image.tmdb.org/t/p/w500/p9ZUzCyy9wRTDuuQexkQ78R2BgF.jpg
711,M3GAN,2022,https://image.tmdb.org/t/p/w500/d9nBoowhjiiYc4FBNtQkPY7c11H.jpg
712,The Invisible Man,2020,https://image.tmdb.org/t/p/w500/5EufsDwXdY2CVttYOk2WtYhgKpa.jpg
713,The Platform,2019,https://image.tmdb.org/t/p/w500/iXvQnzy6JCAx1PiQEKXuTY04ZHl.jpg
714,Venom: Let There Be Carnage,2021,https://image.tmdb.org/t/p/w500/pzKsRuKLFmYrW5Q0q8E8G78Tcgo.jpg
716,Sweeney Todd: The Demon Barber of Fleet Street,2007,https://image.tmdb.org/t/p/w500/gAW4J1bkRjZKmFsJsIiOBASeoAp.jpg
717,The Place Beyond the Pines,2012,https://image.tmdb.org/t/p/w500/vY5j2xQzMGWmxBuhQo0HfA4Lxqb.jpg
718,Spectre,2015,https://image.tmdb.org/t/p/w500/aD8fQF2WFAvMMxmMHHj2RXz2hwP.jpg
719,The Addams Family,1991,https://image.tmdb.org/t/p/w500/qFf8anju5f2epI0my8RdwwIXFIP.jpg
720,Venom: The Last Dance,2024,https://image.tmdb.org/t/p/w500/vGXptEdgZIhPg3cGlc7e8sNPC2e.jpg
721,The Conjuring: The Devil Made Me Do It,2021,https://image.tmdb.org/t/p/w500/xbSuFiJbbBWCkyCCKIMfuDCA4yV.jpg
722,Fear Street: 1978,2021,https://image.tmdb.org/t/p/w500/cQywpstS8m9VyU0ho5E0KTNqd50.jpg
723,Orphan,2009,https://image.tmdb.org/t/p/w500/lCGpOgoTOGLtZnBiGY9HRg5Xnjd.jpg
724,Pirates of the Caribbean: On Stranger Tides,2011,https://image.tmdb.org/t/p/w500/keGfSvCmYj7CvdRx36OdVrAEibE.jpg
725,"As Above, So Below",2014,https://image.tmdb.org/t/p/w500/oJZSajKLJkoTOzSZQN2ZwRnPwHZ.jpg
726,The King,2019,https://image.tmdb.org/t/p/w500/8u0QBGUbZcBW59VEAdmeFl9g98N.jpg
727,The Wolverine,2013,https://image.tmdb.org/t/p/w500/8lzmovtARDXnE7kTDOum02i6fXv.jpg
728,Pirates of the Caribbean: Dead Men Tell No Tales,2017,https://image.tmdb.org/t/p/w500/qwoGfcg6YUS55nUweKGujHE54Wy.jpg
729,"Are You There God? It's Me, Margaret.",2023,https://image.tmdb.org/t/p/w500/yb6UB4WC3znlwU0L4AqMnjR9G9S.jpg
730,Borat Subsequent Moviefilm,2020,https://image.tmdb.org/t/p/w500/3L1Ml5RWjFVfVq3rQENvgFymT0U.jpg
731,Totally Killer,2023,https://image.tmdb.org/t/p/w500/52YBwGJ3cJs54fpBzwnT1lnqgTo.jpg
732,Mufasa: The Lion King,2024,https://image.tmdb.org/t/p/w500/lurEK87kukWNaHd0zYnsi3yzJrs.jpg
733,High School Musical 2,2007,https://image.tmdb.org/t/p/w500/la2kiVWDm2vuB4APZDgCCmuBh4K.jpg
734,The Intern,2015,https://image.tmdb.org/t/p/w500/9UoAC9tu8kIyRy8AcJnGhnH0gOH.jpg
735,Lightyear,2022,https://image.tmdb.org/t/p/w500/b9t3w1loraDh7hjdWmpc9ZsaYns.jpg
736,The Adam Project,2022,https://image.tmdb.org/t/p/w500/wFjboE0aFZNbVOF05fzrka9Fqyx.jpg
737,Jumanji: The Next Level,2019,https://image.tmdb.org/t/p/w500/4kh9dxAiClS2GMUpkRyzGwpNWWX.jpg
738,Morbius,2022,https://image.tmdb.org/t/p/w500/6JjfSchsU6daXk2AKX8EEBjO3Fm.jpg
739,Fear Street: 1666,2021,https://image.tmdb.org/t/p/w500/rmEPtz3Ufzol2VWUAZYzOFaBio3.jpg
740,Damsel,2024,https://image.tmdb.org/t/p/w500/290Lsuy4GJF3VEVqMbJqHs7xFdv.jpg
741,Miss Congeniality,2000,https://image.tmdb.org/t/p/w500/pat3vKaRlB70he4ghwTMydR4TvP.jpg
742,Vivarium,2019,https://image.tmdb.org/t/p/w500/myf3qzpeN0JbuFRPwSpJcz7rmAT.jpg
743,Red Notice,2021,https://image.tmdb.org/t/p/w500/lAXONuqg41NwUMuzMiFvicDET9Y.jpg
744,Robots,2005,https://image.tmdb.org/t/p/w500/fnKCh67l2DDG9NxxIlk9IpsXQ99.jpg
745,Brother Bear,2003,https://image.tmdb.org/t/p/w500/otptPbEY0vBostmo95xwiiumMJm.jpg
746,Erin Brockovich,2000,https://image.tmdb.org/t/p/w500/jEMvWBWVjndZT0vJnLrRWi9ajea.jpg
747,Alita: Battle Angel,2019,https://image.tmdb.org/t/p/w500/xRWht48C2V8XNfzvPehyClOvDni.jpg
748,Hairspray,2007,https://image.tmdb.org/t/p/w500/fgMka3HtFvI5OgW1eYdR9XpySxH.jpg
749,In Time,2011,https://image.tmdb.org/t/p/w500/3Mwj2sIONQckOZP3YwsUXF7U5I4.jpg
750,Madagascar: Escape 2 Africa,2008,https://image.tmdb.org/t/p/w500/agRbLOHgN46TQO4YdKR462iR7To.jpg
752,Chicken Little,2005,https://image.tmdb.org/t/p/w500/vkhMtzwmAEglnilVNsL3IE6kU0B.jpg
753,Candyman,2021,https://image.tmdb.org/t/p/w500/qeV15PpR8jFJA9TF9JPXIoqEgp1.jpg
754,The Princess Diaries 2: Royal Engagement,2004,https://image.tmdb.org/t/p/w500/5XToqGcE4qdfOSaCPWI7kAb1bm7.jpg
755,Child's Play,1988,https://image.tmdb.org/t/p/w500/wvpgvcWNkF2HLuTEMIM7K83MvZ.jpg
756,Ice Age: The Meltdown,2006,https://image.tmdb.org/t/p/w500/zDduhCHasKQ9YOTvlOreHem7Wbi.jpg
757,Cruel Intentions,1999,https://image.tmdb.org/t/p/w500/76cCsRtQ5MJBAqoigojXsLXLJwh.jpg
758,Charlie's Angels,2000,https://image.tmdb.org/t/p/w500/llwGYMS9UyPyKRusQVM4qTOQHMT.jpg
759,Anastasia,1997,https://image.tmdb.org/t/p/w500/yjLkrpnVCkdP7m3ZDkwsGSqylb4.jpg
760,Quantum of Solace,2008,https://image.tmdb.org/t/p/w500/e3DXXLJHGqMx9yYpXsql1XNljmM.jpg
761,A Cinderella Story,2004,https://image.tmdb.org/t/p/w500/ukwP7gDPWxj1R1dW5iN3mnxkL3D.jpg
762,Surf's Up,2007,https://image.tmdb.org/t/p/w500/lenJ0hOmlks0dyxzNJoNVQlR3qR.jpg
763,Billy Elliot,2000,https://image.tmdb.org/t/p/w500/nOr5diUZxphmAD3li9aiILyI28F.jpg
764,Flipped,2010,https://image.tmdb.org/t/p/w500/6zDYFigohwncqFL00MKbFV01dWb.jpg
765,Atlantis: The Lost Empire,2001,https://image.tmdb.org/t/p/w500/8fUEFPUTF7kBMuKPiSQHxPvd8EZ.jpg
766,Five Feet Apart,2019,https://image.tmdb.org/t/p/w500/kreTuJBkUjVWePRfhHZuYfhNE1T.jpg
767,Alvin and the Chipmunks,2007,https://image.tmdb.org/t/p/w500/vRiB9uvcD0WYp7k2pAeWz9ukpuN.jpg
768,Happy Feet,2006,https://image.tmdb.org/t/p/w500/za41IHkj6LnkilfTzv5B2qmthKD.jpg
769,Enola Holmes 2,2022,https://image.tmdb.org/t/p/w500/tegBpjM5ODoYoM1NjaiHVLEA0QM.jpg
770,Happy Gilmore,1996,https://image.tmdb.org/t/p/w500/4RnCeRzvI1xk5tuNWjpDKzSnJDk.jpg
771,Over the Hedge,2006,https://image.tmdb.org/t/p/w500/aVhsK1wynxXszCRjvw7RAkjxxHv.jpg
772,The Nun II,2023,https://image.tmdb.org/t/p/w500/nt5U1MgFcyxCYA6cssNKtnn2FsF.jpg
773,Violent Night,2022,https://image.tmdb.org/t/p/w500/e8CpMgdyihz9Td7amQDqubPuzfN.jpg
774,Austin Powers: International Man of Mystery,1997,https://image.tmdb.org/t/p/w500/cCrwSLofFvxIKxiM7m0l2s1uKt2.jpg
775,Run,2020,https://image.tmdb.org/t/p/w500/ilHG4EayOVoYeKqslspY3pR4wzC.jpg
776,Wallace & Gromit: The Curse of the Were-Rabbit,2005,https://image.tmdb.org/t/p/w500/cMQ2lNd7sBe6PCf6zF5QxrKzbRG.jpg
777,Ma,2019,https://image.tmdb.org/t/p/w500/6n7ASmQ1wY2cxTubFFGlcvPpyk7.jpg
778,The Spectacular Now,2013,https://image.tmdb.org/t/p/w500/tYDbDuZ3K4Xwp3cwtmZM6k53bwq.jpg
779,Diary of a Wimpy Kid,2010,https://image.tmdb.org/t/p/w500/iLAGiPnSuODt9cn332bkFElrRig.jpg
780,The Strangers,2008,https://image.tmdb.org/t/p/w500/gwsg4qFmLOvlhwXj4OZuxfFUdP0.jpg
782,Wild Child,2008,https://image.tmdb.org/t/p/w500/qzlzWqPyC0LV5KaW2r6GvMwWihr.jpg
783,Love and Monsters,2020,https://image.tmdb.org/t/p/w500/718NnyxyQuBQcGWt9sdelA1Zc3h.jpg
784,Flushed Away,2006,https://image.tmdb.org/t/p/w500/o4JlinGGDwxfmtvyUotZQdDdLA2.jpg
785,She's All That,1999,https://image.tmdb.org/t/p/w500/a0pepZNFCjggc7Na9gEwbTI1f46.jpg
786,Gerald's Game,2017,https://image.tmdb.org/t/p/w500/32dippiypDdaKv7XFEfUlQ7kPup.jpg
787,The Aristocats,1970,https://image.tmdb.org/t/p/w500/1BVOSmQUhphMgnTxnXyfQ9tL1Sc.jpg
788,The Cat in the Hat,2003,https://image.tmdb.org/t/p/w500/uYYLz67e5xEQMsY858VSSCDsLU6.jpg
789,Ghost,1990,https://image.tmdb.org/t/p/w500/w9RaPHov8oM5cnzeE27isnFMsvS.jpg
790,The Grinch,2018,https://image.tmdb.org/t/p/w500/1Bc9VNd9CIHIyJtPKFqSQzrXWru.jpg
791,Molly's Game,2017,https://image.tmdb.org/t/p/w500/tUYapLlLBB1FtDbU79JjhP8LE1a.jpg
792,Ella Enchanted,2004,https://image.tmdb.org/t/p/w500/7AyNzwSEpJEG1gBdgwRfXi1cjs8.jpg
793,The Chronicles of Narnia: Prince Caspian,2008,https://image.tmdb.org/t/p/w500/qxz3WIyjZiSKUhaTIEJ3c1GcC9z.jpg
794,Stuart Little,1999,https://image.tmdb.org/t/p/w500/362lcwTJlNyAhitTlp2UraECISR.jpg
795,Bride Wars,2009,https://image.tmdb.org/t/p/w500/eyXT8tmUoyHrg7YX1UVjmecHCWP.jpg
796,Scooby-Doo 2: Monsters Unleashed,2004,https://image.tmdb.org/t/p/w500/5BrXCJrs22bR5KR6mLHluYo6y4m.jpg
797,Wedding Crashers,2005,https://image.tmdb.org/t/p/w500/lFM3lk2zVzC1YFnKm0r6LbFPyRu.jpg
798,Aquaman and the Lost Kingdom,2023,https://image.tmdb.org/t/p/w500/oEyIhY1WzoFHUDE7U3p1AWwyoSN.jpg
799,Miller's Girl,2024,https://image.tmdb.org/t/p/w500/ieU0zUj7WhE0GrgpgofRH0sNjbI.jpg
800,Diary of a Wimpy Kid: Rodrick Rules,2011,https://image.tmdb.org/t/p/w500/k54R3ag1sLu93Wbfo4quw9sSFyj.jpg
801,Fantastic Four: Rise of the Silver Surfer,2007,https://image.tmdb.org/t/p/w500/f3ldtPF7SESMcyAIyIJHBLlBBkr.jpg
802,Freaky,2020,https://image.tmdb.org/t/p/w500/8xC6QSyxrpm0D5A6iyHNemEWBVe.jpg
803,All the Bright Places,2020,https://image.tmdb.org/t/p/w500/4SafxuMKQiw4reBiWKVZJpJn80I.jpg
804,Thoroughbreds,2017,https://image.tmdb.org/t/p/w500/dBhskn3zQZu1DKy1ZjjmJRxJUxm.jpg
805,My Girl,1991,https://image.tmdb.org/t/p/w500/qyJJNHteA7BUwQSey05t7qP4vRV.jpg
806,Extraction,2020,https://image.tmdb.org/t/p/w500/nygOUcBKPHFTbxsYRFZVePqgPK6.jpg
807,The Phantom of the Opera,2004,https://image.tmdb.org/t/p/w500/pFf1Xxzgxo6ffxAJeSkAb5b0P4S.jpg
808,Mulan,2020,https://image.tmdb.org/t/p/w500/aKx1ARwG55zZ0GpRvU2WrGrCG9o.jpg
809,Addams Family Values,1993,https://image.tmdb.org/t/p/w500/sdxT2VjVSx9DRicwnuECUdBHeE7.jpg
810,Uglies,2024,https://image.tmdb.org/t/p/w500/jaUu9zHtbcFwrB5Y1DNYE09HMex.jpg
811,Monsters vs Aliens,2009,https://image.tmdb.org/t/p/w500/hpHarddVj34j53T7NsoUGdKj4mP.jpg
812,Escape Room,2019,https://image.tmdb.org/t/p/w500/bq3wmW5ZJsnOHM6NLGsjDvX7CxB.jpg
813,Sully,2016,https://image.tmdb.org/t/p/w500/4vs83YcJ8TsabADDtaeCJ6ZTjYY.jpg
814,Confessions of a Shopaholic,2009,https://image.tmdb.org/t/p/w500/r17R9OIC0pKDqqsNore6atYLCVZ.jpg
815,Oblivion,2013,https://image.tmdb.org/t/p/w500/eO3r38fwnhb58M1YgcjQBd3VNcp.jpg
816,Obi-Wan Kenobi,2022,https://image.tmdb.org/t/p/w500/vQGgvXjoMZf8x1m3BHsMxVXPyck.jpg
817,One Day,2024,https://image.tmdb.org/t/p/w500/m7l9cbtqwZgQ3xZ1BX16uMAm6zK.jpg
818,Insidious: The Red Door,2023,https://image.tmdb.org/t/p/w500/d07phJqCx6z5wILDYqkyraorDPi.jpg
819,To All the Boys: Always and Forever,2021,https://image.tmdb.org/t/p/w500/iepqdM52f4w75fNcvgRF5QoIAjm.jpg
820,A Streetcar Named Desire,1951,https://image.tmdb.org/t/p/w500/aicdlO5vt7z2ARm279eGzJeYCLQ.jpg
821,The New Mutants,2020,https://image.tmdb.org/t/p/w500/xiDGcXJTvu1lazFRYip6g1eLt9c.jpg
822,The Santa Clause,1994,https://image.tmdb.org/t/p/w500/hvV2rI60qOYELT7tHHLpxtafnBZ.jpg
823,Footloose,1984,https://image.tmdb.org/t/p/w500/9JEDjBCXCx3eKTSkXwispf0UN3O.jpg
824,Scary Movie 2,2001,https://image.tmdb.org/t/p/w500/7Eb1JWK0Cb0rbfsYjwfc9g0PbQH.jpg
825,Insidious: Chapter 2,2013,https://image.tmdb.org/t/p/w500/w5JjiB3O1CLDXbTJe1QpU5RHmlU.jpg
826,Annabelle: Creation,2017,https://image.tmdb.org/t/p/w500/tb86j8jVCVsdZnzf8I6cIi65IeM.jpg
827,Holidate,2020,https://image.tmdb.org/t/p/w500/oXCLSlCRWWHsSSwLJSVIC0DDWsE.jpg
828,Murder Mystery 2,2023,https://image.tmdb.org/t/p/w500/s1VzVhXlqsevi8zeCMG9A16nEUf.jpg
829,Zathura: A Space Adventure,2005,https://image.tmdb.org/t/p/w500/shUtIadbOk8BAWk4FR0LinbBUmR.jpg
831,Big Daddy,1999,https://image.tmdb.org/t/p/w500/m0KrgL5uGJRGyGG7LBkyKrqxB8q.jpg
832,Christopher Robin,2018,https://image.tmdb.org/t/p/w500/i6Ytex4d3CdfIKJFxB5v5vh24vb.jpg
833,Band of Brothers,2001,https://image.tmdb.org/t/p/w500/u9C6q5DXJRxmkEt81FaRVuhgzfF.jpg
834,Adventureland,2009,https://image.tmdb.org/t/p/w500/eeSJNAR1aWcgANq26KWIHm3cbyB.jpg
835,Midnight Mass,2021,https://image.tmdb.org/t/p/w500/gqswuTpiNnFWxKE7trKLvZLkjmq.jpg
836,Hannah Montana: The Movie,2009,https://image.tmdb.org/t/p/w500/kytL0AIWjvxsEQ2YgIZHvmIm24k.jpg
837,A Goofy Movie,1995,https://image.tmdb.org/t/p/w500/bycmMhO3iIoEDzP768sUjq2RV4T.jpg
838,Letters to Juliet,2010,https://image.tmdb.org/t/p/w500/y9DdvY1IRNS2hWLq161hmP2gXn.jpg
839,Fractured,2019,https://image.tmdb.org/t/p/w500/paZNRffT3kUckuRFKbeDBuX1YcZ.jpg
840,Casper,1995,https://image.tmdb.org/t/p/w500/vCaVCizHfxuoczd9Dlcz7et61eJ.jpg
841,Monte Carlo,2011,https://image.tmdb.org/t/p/w500/dcbqyycrWA56HXq5lm41HYuED8Y.jpg
842,The House Bunny,2008,https://image.tmdb.org/t/p/w500/4oGGJ824vqIqDtyMvMuK44pDEmx.jpg
844,Good Boys,2019,https://image.tmdb.org/t/p/w500/tximyCXMEnWIIyOy9STkOduUprG.jpg
846,Not Another Teen Movie,2001,https://image.tmdb.org/t/p/w500/9ZaGxvj1mqdKVLpSloq4mzS7SK6.jpg
847,Sky High,2005,https://image.tmdb.org/t/p/w500/nBB0XNMwvYvWpo67EcxQqKMoMKf.jpg
848,John Tucker Must Die,2006,https://image.tmdb.org/t/p/w500/l8B01BFBpIyycO2DopROessWzQU.jpg
849,Purple Hearts,2022,https://image.tmdb.org/t/p/w500/4JyNWkryifWbWXJyxcWh3pVya6N.jpg
850,"Extremely Wicked, Shockingly Evil and Vile",2019,https://image.tmdb.org/t/p/w500/a7dVwEBU3vupg3hZQMeyL6ksz0F.jpg
851,Marley & Me,2008,https://image.tmdb.org/t/p/w500/pnB6hjTKylb0Ve2nUWt16gzkErr.jpg
852,No Strings Attached,2011,https://image.tmdb.org/t/p/w500/9C09L1U9S13J4Ut029Qhu0oLcTQ.jpg
853,Lolita,1997,https://image.tmdb.org/t/p/w500/6F4bV1DsCHjYCXRwIA6NZY7dcnD.jpg
855,National Theatre Live: Fleabag,2019,https://image.tmdb.org/t/p/w500/rnLvaJLkhQEdiLThpUNBce2B7Ws.jpg
856,Happy Death Day 2U,2019,https://image.tmdb.org/t/p/w500/4tdnePOkOOzwuGPEOAHp8UA4vqx.jpg
857,Lemonade Mouth,2011,https://image.tmdb.org/t/p/w500/5Tbbxf38c16kbfezmXkPYS2tYRN.jpg
858,Hubie Halloween,2020,https://image.tmdb.org/t/p/w500/dbhC6qRydXyRmpUdcl9bL9rARya.jpg
859,Meet the Fockers,2004,https://image.tmdb.org/t/p/w500/59fXm6N2x7QSbvt6BaBxTNBXGL8.jpg
860,Horton Hears a Who!,2008,https://image.tmdb.org/t/p/w500/6k47Z3A5zI2rxubTMwiLyIqQLLr.jpg
861,Instant Family,2018,https://image.tmdb.org/t/p/w500/xYV1mODz99w7AjKDSQ7h2mzZhVe.jpg
862,Drop Dead Gorgeous,1999,https://image.tmdb.org/t/p/w500/44eTdzCnb27urFheuhBdJxBhrwg.jpg
863,Mary Poppins Returns,2018,https://image.tmdb.org/t/p/w500/uTVGku4LibMGyKgQvjBtv3OYfAX.jpg
864,Meet the Robinsons,2007,https://image.tmdb.org/t/p/w500/naya0zF4kT401Sx15AtwB9vpcJr.jpg
865,17 Again,2009,https://image.tmdb.org/t/p/w500/yEcfFXEWpuXcfsR9nKESVCFneqV.jpg
866,High School Musical 3: Senior Year,2008,https://image.tmdb.org/t/p/w500/aq2o1wT0crBOTxof36O6KTyjpgE.jpg
867,Annabelle,2014,https://image.tmdb.org/t/p/w500/yLsuU2P2SpDYFwtZQ7dtfVAf6TE.jpg
868,Spy Kids,2001,https://image.tmdb.org/t/p/w500/j3rUkHIAAoKr6jU30q3Db4fcIF9.jpg
869,Bring It On,2000,https://image.tmdb.org/t/p/w500/bnVby0qI0dS7YunbShP7mw68HY3.jpg
870,Holes,2003,https://image.tmdb.org/t/p/w500/o2Dm2mcE1qW8vT0bpsJO5OMBbqa.jpg
871,Night at the Museum: Battle of the Smithsonian,2009,https://image.tmdb.org/t/p/w500/l9yAQn6TyrA3gv5xZZkiMMoZsiw.jpg
872,Camp Rock,2008,https://image.tmdb.org/t/p/w500/7IXMqZnwccogptThay3togKIFWw.jpg
873,Wish,2023,https://image.tmdb.org/t/p/w500/m9ckCVKU9vW3Dxc8hbodx7mjJbe.jpg
874,Aquamarine,2006,https://image.tmdb.org/t/p/w500/g2Hvucs1Q1nir3pyIXuIwo66uFV.jpg
875,Burlesque,2010,https://image.tmdb.org/t/p/w500/3U9zBIibERQZqYKM3N1a4MYgBsN.jpg
876,The Pope's Exorcist,2023,https://image.tmdb.org/t/p/w500/jFC4LS5qTAT3PinzdEzINfu1CV9.jpg
877,After,2019,https://image.tmdb.org/t/p/w500/u3B2YKUjWABcxXZ6Nm9h10hLUbh.jpg
878,Blended,2014,https://image.tmdb.org/t/p/w500/o2YrH9jS7CAfWjETHFeL0tth79E.jpg
879,Roald Dahl's Matilda the Musical,2022,https://image.tmdb.org/t/p/w500/ga8R3OiOMMgSvZ4cOj8x7prUNYZ.jpg
880,Annabelle Comes Home,2019,https://image.tmdb.org/t/p/w500/qWsHMrbg9DsBY3bCMk9jyYCRVRs.jpg
881,Ticket to Paradise,2022,https://image.tmdb.org/t/p/w500/1tzERH50P5c2mFWtLbgixzLZS1L.jpg
882,Time Cut,2024,https://image.tmdb.org/t/p/w500/sfhHfqGk7EoqKiORw4tqjgStkbW.jpg
883,The Kissing Booth 2,2020,https://image.tmdb.org/t/p/w500/mb7wQv0adK3kjOUr9n93mANHhPJ.jpg
884,9,2009,https://image.tmdb.org/t/p/w500/3uqXGOH4BQ2CLJWkDJZ0PzbUzOn.jpg
885,Our Little Secret,2024,https://image.tmdb.org/t/p/w500/u8knKeMHNsKnZqRsTplFPBez0yQ.jpg
886,Pet Sematary,2019,https://image.tmdb.org/t/p/w500/7SPhr7Qj39vbnfF9O2qHRYaKHAL.jpg
887,Scary Movie 3,2003,https://image.tmdb.org/t/p/w500/9hxL94pzuix9GWwba8dr4luINyo.jpg
888,The Fox and the Hound,1981,https://image.tmdb.org/t/p/w500/aC3k6XBaYnulGSkK8263ABjU3Md.jpg
889,The Babysitter: Killer Queen,2020,https://image.tmdb.org/t/p/w500/imy1OoT1xddt2kqw6hhc4v01e8i.jpg
890,Descendants,2015,https://image.tmdb.org/t/p/w500/65DkgHPSLVjgr6IYkpY9Aqqqid5.jpg
891,Don't Move,2024,https://image.tmdb.org/t/p/w500/cRDJxdnRb7ikKd6fVJTrGeaL34v.jpg
892,Love at First Sight,2023,https://image.tmdb.org/t/p/w500/vCMGlarDrcmhclBmnYoH7JUCDuA.jpg
893,Eurovision Song Contest: The Story of Fire Saga,2020,https://image.tmdb.org/t/p/w500/9zrbgYyFvwH8sy5mv9eT25xsAzL.jpg
894,Teen Beach Movie,2013,https://image.tmdb.org/t/p/w500/sKrGe5EmDSyVaWM0uj7rJDQHRjB.jpg
895,Garfield,2004,https://image.tmdb.org/t/p/w500/vqwTSWNLyH55g8kBT61s2DgNYEp.jpg
896,Night at the Museum: Secret of the Tomb,2014,https://image.tmdb.org/t/p/w500/xwgy305K6qDs3D20xUO4OZu1HPY.jpg
897,Babe,1995,https://image.tmdb.org/t/p/w500/zKuQMtnbVTz9DsOnOJmlW71v4qH.jpg
898,Gnomeo & Juliet,2011,https://image.tmdb.org/t/p/w500/vVQwgfS9gSFviVT4gS7tZAmhRFc.jpg
899,Paul Blart: Mall Cop,2009,https://image.tmdb.org/t/p/w500/A4zZv0Q1VKURFZFEl2vwjaE2q0g.jpg
900,Cheaper by the Dozen,2003,https://image.tmdb.org/t/p/w500/hetmSdWARqU5ljQVKWYpAoupXST.jpg
902,The Smurfs,2011,https://image.tmdb.org/t/p/w500/vRhnslP2gW0QDym7BsMeSuioUfK.jpg
903,6 Underground,2019,https://image.tmdb.org/t/p/w500/lnWkyG3LLgbbrIEeyl5mK5VRFe4.jpg
904,She-Hulk: Attorney at Law,2022,https://image.tmdb.org/t/p/w500/yhFN7yvskzm1Tsknkg46eQbQr9w.jpg
905,"Angus, Thongs and Perfect Snogging",2008,https://image.tmdb.org/t/p/w500/3WLMr49X84qGiFn1pkCyhS5SEBZ.jpg
906,Alvin and the Chipmunks: The Squeakquel,2009,https://image.tmdb.org/t/p/w500/8mdPqOga5fty15nXmaNcK1fsNMa.jpg
907,"Legally Blonde 2: Red, White & Blonde",2003,https://image.tmdb.org/t/p/w500/4kC0UGTuJgFnlZq2ZM6OiY7nuY8.jpg
908,You Don't Mess with the Zohan,2008,https://image.tmdb.org/t/p/w500/gBhLQmpCPoKFMCGsulMbIFzrBID.jpg
911,101 Dalmatians,1996,https://image.tmdb.org/t/p/w500/8o2ADoAyG796UwTjwBFjPyBz0yG.jpg
912,Blades of Glory,2007,https://image.tmdb.org/t/p/w500/xmwxSvRAi6ojxk1snwHSUogmDsv.jpg
913,Love Hard,2021,https://image.tmdb.org/t/p/w500/oTkAFDZRLnqrXOrOwuy3Tvul0v5.jpg
914,Tall Girl,2019,https://image.tmdb.org/t/p/w500/m0clsFEXidLVJ0TueqWOvvImOMh.jpg
915,Fighting with My Family,2019,https://image.tmdb.org/t/p/w500/cVhe15rJLRjolunSWLBN6xQLyGU.jpg
916,Ms. Marvel,2022,https://image.tmdb.org/t/p/w500/aolMYjs6QWonQFlnRGvU3o5zeQH.jpg
917,The Sword in the Stone,1963,https://image.tmdb.org/t/p/w500/7lyeeuhGAJSNXYEW34S8mJ1bwI8.jpg
918,That's My Boy,2012,https://image.tmdb.org/t/p/w500/wRpDLQWQgKaos1ZG7XPaUttGwhD.jpg
919,Senior Year,2022,https://image.tmdb.org/t/p/w500/6UqbcDQhCYpxboK58Z0eVfdeHcT.jpg
920,Spy Kids 3-D: Game Over,2003,https://image.tmdb.org/t/p/w500/buA8dN4zLNr0dYBeKfHfMnEfdLE.jpg
921,Child's Play 2,1990,https://image.tmdb.org/t/p/w500/2tPQbPQeHEYAGoXFSW61IWNmoce.jpg
922,Charlie's Angels,2019,https://image.tmdb.org/t/p/w500/1DPUFG6QnGqzpvEaDEv7TaepycM.jpg
923,Agatha All Along,2024,https://image.tmdb.org/t/p/w500/8gJ4SkWVzFDcUfYVJDTWl85HnNU.jpg
924,Peter Pan,2003,https://image.tmdb.org/t/p/w500/6QdU3TZZrIvXFzoHOwafZAynFjB.jpg
926,Disenchanted,2022,https://image.tmdb.org/t/p/w500/uyNLq2Dc3s4IOdcYTU8ZtM2lTjb.jpg
927,"Yes, God, Yes",2019,https://image.tmdb.org/t/p/w500/69SYznq2mSbgKyQF3QHYwblmqAk.jpg
928,Insidious: Chapter 3,2015,https://image.tmdb.org/t/p/w500/iDdGfdNvY1EX0uDdA4Ru77fwMfc.jpg
929,The Lizzie McGuire Movie,2003,https://image.tmdb.org/t/p/w500/jGN9PS4JKmxp7oyMqmW8G6HKcG6.jpg
930,Maid,2021,https://image.tmdb.org/t/p/w500/6ttn2RPsJxNom7XsDg16cuH5a6O.jpg
931,Fear,1996,https://image.tmdb.org/t/p/w500/ut8snuINzOibbKnvpTnsGWQr4Nl.jpg
932,Daddy's Home,2015,https://image.tmdb.org/t/p/w500/fB9lALk9zKsMYWvf0bJSkJN219Z.jpg
933,Bedtime Stories,2008,https://image.tmdb.org/t/p/w500/rSOnWm8ahvgThYp8TKGRUTcvsyw.jpg
934,Nanny McPhee,2005,https://image.tmdb.org/t/p/w500/j9zWPwaHDWE3K1Mb5RNahzwd3KY.jpg
935,Spy Kids 2: The Island of Lost Dreams,2002,https://image.tmdb.org/t/p/w500/z8pfWCk6SlxxDLXXQdUHdxF5dwJ.jpg
936,Tinker Bell,2008,https://image.tmdb.org/t/p/w500/3Ma0r1n8kfH7UaQMS7bJ9KsYUjT.jpg
937,Rio 2,2014,https://image.tmdb.org/t/p/w500/gVNTBrjxh2YRmQFjlaqrNbHVvrd.jpg
938,What's Your Number?,2011,https://image.tmdb.org/t/p/w500/eqn3UeXMY9W1Ow3jIZ6COqbjUWX.jpg
939,I See You,2019,https://image.tmdb.org/t/p/w500/2LwamrHAmxqEHsT9JViFJxT08Ek.jpg
940,Just My Luck,2006,https://image.tmdb.org/t/p/w500/A3Axi7gWVdkD1i7ScqMCN1fhyGc.jpg
941,The Kissing Booth 3,2021,https://image.tmdb.org/t/p/w500/c7xcqnMDVQ5v1hJBm3AZ5YikNe6.jpg
942,This Is 40,2012,https://image.tmdb.org/t/p/w500/qoK8bMRM9qBObxLSkW9nQ5P9XhE.jpg
943,Plus One,2019,https://image.tmdb.org/t/p/w500/4w3bCp5UkLeemdq8MBNlyA3Zl2J.jpg
944,Saving Mr. Banks,2013,https://image.tmdb.org/t/p/w500/4RkcUe5PKnYvrCwMjk8giUAoID7.jpg
945,Princess Protection Program,2009,https://image.tmdb.org/t/p/w500/tPKD9hmuYxclAQnfup47qLx8a5T.jpg
946,Child's Play,2019,https://image.tmdb.org/t/p/w500/rpS7ROczWulqfaXG2klYapULXKm.jpg
947,Shallow Hal,2001,https://image.tmdb.org/t/p/w500/gtcsIu8yBlfONaOENj78UFJLbjQ.jpg
948,The Land Before Time,1988,https://image.tmdb.org/t/p/w500/7phV1ETZnQrLsEeuk4hNeceEl25.jpg
949,Open Season,2006,https://image.tmdb.org/t/p/w500/w5Lctmkc1yah215Luxmci4djaiW.jpg
951,What a Girl Wants,2003,https://image.tmdb.org/t/p/w500/gGpMruX59KWNuAXgHpiAm8hiChw.jpg
953,Scary Movie 4,2006,https://image.tmdb.org/t/p/w500/sEqFdw1wLtY94RKCSPolsHWzn6r.jpg
954,The School for Good and Evil,2022,https://image.tmdb.org/t/p/w500/6oZeEu1GDILdwezmZ5e2xWISf1C.jpg
955,Family Switch,2023,https://image.tmdb.org/t/p/w500/g8Gwitm4CtZBSYhLeSY4Z3Xwwcg.jpg
956,The Golden Compass,2007,https://image.tmdb.org/t/p/w500/6DTH9poR8RAw859L6OuokT7z993.jpg
957,Starstruck,2010,https://image.tmdb.org/t/p/w500/kuyJuNiiZvu5iNr8Dgv5y75v1uc.jpg
959,The Hustle,2019,https://image.tmdb.org/t/p/w500/qZniBGQRESLIfxw6GeZLZ2G1osa.jpg
960,Descendants 2,2017,https://image.tmdb.org/t/p/w500/qoNlGfQmFZ37Gf5fRBaCTLlOZtx.jpg
961,Norbit,2007,https://image.tmdb.org/t/p/w500/XcZ5NzygPp54csxCnzvQKuxFL2.jpg
962,A Dog's Purpose,2017,https://image.tmdb.org/t/p/w500/3jcNvhtVQe5Neoffdic39fRactM.jpg
963,Scooby-Doo on Zombie Island,1998,https://image.tmdb.org/t/p/w500/7EdvFUGvT5Pn8rUFRKCrdUzNthf.jpg
964,P.S. I Love You,2007,https://image.tmdb.org/t/p/w500/x6M9nlTpgpI4AOw0tMkOAVbhL5z.jpg
965,The Secret Garden,1993,https://image.tmdb.org/t/p/w500/zf6h5dJ7wVG7LqMO9dhHGHVejzj.jpg